order_item_id,order_id,item_id,quantity,item_price,item_total,net_sales,discount_flag,discount_amount
1,2239,494,3,275,825,778,Discount,47
2,2569,449,3,311,933,907,Discount,26
3,3285,401,3,397,1191,1129,Discount,62
4,3357,429,1,404,404,345,Discount,59
5,3092,466,4,481,1924,1924,Discount,0
6,2234,416,4,470,1880,1806,Discount,74
7,3314,428,1,410,410,394,Discount,16
8,2592,438,3,150,450,420,Discount,30
9,2292,425,2,210,420,340,Discount,80
10,2729,406,2,297,594,588,Discount,6
11,2743,454,4,128,512,446,Discount,66
12,3422,411,4,407,1628,1552,Discount,76
13,3386,430,3,144,432,393,Discount,39
14,3184,493,1,167,167,89,Discount,78
15,3342,489,2,384,768,708,Discount,60
16,2260,416,4,189,756,676,Discount,80
17,2634,462,4,458,1832,1764,Discount,68
18,2993,450,4,178,712,687,Discount,25
19,3058,481,3,339,1017,1002,Discount,15
20,2737,405,3,283,849,826,Discount,23
21,2162,450,4,378,1512,1474,Discount,38
22,2514,453,2,389,778,767,Discount,11
23,3403,489,1,309,309,285,Discount,24
24,3218,408,1,480,480,442,Discount,38
25,3491,432,3,131,393,345,Discount,48
26,2009,432,2,266,532,468,Discount,64
27,2802,442,4,266,1064,991,Discount,73
28,3135,415,3,367,1101,1081,Discount,20
29,3184,439,1,246,246,174,Discount,72
30,3239,404,1,249,249,182,Discount,67
31,2340,459,2,106,212,166,Discount,46
32,2235,405,3,311,933,923,Discount,10
33,3492,460,3,200,600,544,Discount,56
34,3187,402,3,224,672,648,Discount,24
35,3224,411,2,377,754,746,Discount,8
36,2110,492,4,328,1312,1254,Discount,58
37,2377,432,1,232,232,228,Discount,4
38,2131,426,1,225,225,192,Discount,33
39,3187,408,1,494,494,431,Discount,63
40,2400,472,2,291,582,541,Discount,41
41,2326,425,1,237,237,158,Discount,79
42,3375,484,2,184,368,313,Discount,55
43,2541,460,2,404,808,740,Discount,68
44,3217,478,1,304,304,269,Discount,35
45,3428,460,3,293,879,820,Discount,59
46,2410,496,4,222,888,841,Discount,47
47,2173,481,2,246,492,419,Discount,73
48,2631,431,3,144,432,404,Discount,28
49,2056,467,1,257,257,236,Discount,21
50,2507,477,4,123,492,492,Discount,0
51,2719,468,1,461,461,383,Discount,78
52,2680,485,2,172,344,277,Discount,67
53,3410,486,1,186,186,119,Discount,67
54,3147,431,3,201,603,586,Discount,17
55,3142,441,4,214,856,805,Discount,51
56,2898,434,4,179,716,646,Discount,70
57,2338,491,2,366,732,658,Discount,74
58,2300,416,1,116,116,105,Discount,11
59,2430,410,1,222,222,185,Discount,37
60,2991,467,1,426,426,385,Discount,41
61,2431,482,2,154,308,275,Discount,33
62,2894,405,4,317,1268,1204,Discount,64
63,2233,437,3,307,921,899,Discount,22
64,2622,495,4,236,944,932,Discount,12
65,2887,441,4,440,1760,1741,Discount,19
66,2095,401,1,371,371,371,Discount,0
67,3452,407,1,398,398,328,Discount,70
68,2061,500,2,271,542,542,Discount,0
69,3464,487,4,407,1628,1548,Discount,80
70,2908,451,2,356,712,691,Discount,21
71,2600,454,2,461,922,842,Discount,80
72,3212,444,3,182,546,480,Discount,66
73,3275,414,1,127,127,65,Discount,62
74,2866,470,4,200,800,800,Discount,0
75,3184,488,3,257,771,759,Discount,12
76,2691,493,1,249,249,206,Discount,43
77,3000,480,3,109,327,253,Discount,74
78,2013,439,1,344,344,344,Discount,0
79,3052,452,1,372,372,334,Discount,38
80,2734,486,1,253,253,219,Discount,34
81,2895,435,4,311,1244,1200,Discount,44
82,2380,439,3,214,642,603,Discount,39
83,2826,432,1,127,127,94,Discount,33
84,3257,494,4,246,984,926,Discount,58
85,2634,431,4,367,1468,1427,Discount,41
86,2622,473,2,461,922,920,Discount,2
87,3423,409,2,403,806,774,Discount,32
88,2691,481,1,384,384,337,Discount,47
89,2891,480,3,239,717,649,Discount,68
90,3439,431,2,461,922,879,Discount,43
91,2739,482,3,240,720,720,Discount,0
92,2576,411,2,240,480,460,Discount,20
93,3485,468,4,456,1824,1791,Discount,33
94,2447,429,4,104,416,361,Discount,55
95,3292,454,1,470,470,456,Discount,14
96,3091,500,3,398,1194,1142,Discount,52
97,2723,406,4,312,1248,1194,Discount,54
98,2553,490,3,238,714,673,Discount,41
99,3060,465,2,300,600,547,Discount,53
100,2065,460,3,498,1494,1428,Discount,66
101,3126,464,3,321,963,912,Discount,51
102,2359,409,3,231,693,616,Discount,77
103,2132,425,1,326,326,324,Discount,2
104,2325,458,2,335,670,639,Discount,31
105,3277,401,1,133,133,77,Discount,56
106,2878,404,3,412,1236,1179,Discount,57
107,3101,488,4,346,1384,1337,Discount,47
108,2587,403,3,154,462,450,Discount,12
109,2370,431,3,117,351,288,Discount,63
110,2421,416,4,417,1668,1659,Discount,9
111,3206,406,4,160,640,640,Discount,0
112,2466,459,3,266,798,773,Discount,25
113,3446,445,3,206,618,542,Discount,76
114,3048,417,2,333,666,666,Discount,0
115,2709,445,3,117,351,316,Discount,35
116,2297,470,3,300,900,859,Discount,41
117,2024,444,4,410,1640,1584,Discount,56
118,3041,471,3,452,1356,1353,Discount,3
119,2215,492,1,157,157,97,Discount,60
120,2333,488,3,328,984,950,Discount,34
121,2389,475,1,304,304,249,Discount,55
122,2695,419,1,475,475,473,Discount,2
123,2188,407,4,467,1868,1868,Discount,0
124,2191,460,4,476,1904,1849,Discount,55
125,2927,401,4,168,672,642,Discount,30
126,3464,492,3,433,1299,1296,Discount,3
127,2809,440,3,134,402,386,Discount,16
128,3280,416,3,419,1257,1238,Discount,19
129,3140,447,3,390,1170,1106,Discount,64
130,2568,457,3,457,1371,1332,Discount,39
131,2689,448,4,441,1764,1691,Discount,73
132,3236,484,1,274,274,274,Discount,0
133,2584,483,3,359,1077,1000,Discount,77
134,3366,453,1,297,297,265,Discount,32
135,2194,486,2,419,838,760,Discount,78
136,2751,471,4,377,1508,1456,Discount,52
137,2656,487,1,302,302,222,Discount,80
138,2653,435,1,439,439,386,Discount,53
139,3411,486,3,278,834,769,Discount,65
140,2985,484,2,459,918,897,Discount,21
141,3461,456,3,167,501,458,Discount,43
142,2575,487,4,166,664,649,Discount,15
143,3009,478,4,106,424,424,Discount,0
144,3387,482,3,257,771,740,Discount,31
145,2060,420,3,489,1467,1449,Discount,18
146,2971,477,1,241,241,237,Discount,4
147,2110,431,2,283,566,558,Discount,8
148,3064,446,4,414,1656,1608,Discount,48
149,3132,452,4,309,1236,1172,Discount,64
150,2801,462,4,471,1884,1859,Discount,25
151,3390,427,4,440,1760,1717,Discount,43
152,3336,445,4,469,1876,1830,Discount,46
153,3030,452,4,489,1956,1933,Discount,23
154,3023,499,1,370,370,327,Discount,43
155,2276,433,1,344,344,302,Discount,42
156,2950,491,3,303,909,860,Discount,49
157,2883,446,1,248,248,188,Discount,60
158,2509,422,2,276,552,552,Discount,0
159,3283,410,2,162,324,308,Discount,16
160,2935,425,1,266,266,231,Discount,35
161,2849,431,1,464,464,405,Discount,59
162,2220,405,3,143,429,361,Discount,68
163,3187,402,4,145,580,575,Discount,5
164,3164,428,1,351,351,351,Discount,0
165,2912,491,1,220,220,148,Discount,72
166,2669,408,4,315,1260,1260,Discount,0
167,2354,498,4,231,924,924,Discount,0
168,2155,499,4,481,1924,1897,Discount,27
169,2163,447,4,342,1368,1290,Discount,78
170,2601,442,4,496,1984,1941,Discount,43
171,2787,422,1,337,337,337,Discount,0
172,2992,443,4,456,1824,1824,Discount,0
173,2100,417,2,337,674,624,Discount,50
174,3473,455,3,166,498,455,Discount,43
175,2989,482,3,321,963,915,Discount,48
176,2294,459,3,489,1467,1457,Discount,10
177,3466,486,2,295,590,569,Discount,21
178,2909,489,4,422,1688,1649,Discount,39
179,2506,406,1,297,297,284,Discount,13
180,2236,467,3,336,1008,929,Discount,79
181,2427,465,2,462,924,860,Discount,64
182,3232,438,2,469,938,879,Discount,59
183,2888,487,3,237,711,685,Discount,26
184,3487,477,1,181,181,173,Discount,8
185,2830,491,2,194,388,328,Discount,60
186,3335,470,4,159,636,632,Discount,4
187,3381,434,2,482,964,929,Discount,35
188,2052,443,1,361,361,349,Discount,12
189,2203,477,2,483,966,930,Discount,36
190,2572,447,3,400,1200,1146,Discount,54
191,2510,489,4,103,412,332,Discount,80
192,2968,462,3,425,1275,1238,Discount,37
193,2327,491,1,292,292,224,Discount,68
194,2560,427,4,444,1776,1734,Discount,42
195,2525,484,4,265,1060,1016,Discount,44
196,2695,500,1,414,414,390,Discount,24
197,2315,481,4,122,488,473,Discount,15
198,2096,462,2,197,394,369,Discount,25
199,2212,413,4,234,936,912,Discount,24
200,3488,424,4,167,668,663,Discount,5
201,2399,442,4,204,816,785,Discount,31
202,3436,464,3,110,330,330,Discount,0
203,2826,433,3,371,1113,1081,Discount,32
204,2590,405,4,240,960,904,Discount,56
205,2215,442,2,158,316,274,Discount,42
206,2672,432,1,410,410,363,Discount,47
207,2247,440,2,311,622,585,Discount,37
208,3431,419,2,375,750,695,Discount,55
209,2997,496,1,196,196,147,Discount,49
210,2946,445,4,232,928,903,Discount,25
211,2926,427,4,386,1544,1479,Discount,65
212,2956,425,4,454,1816,1801,Discount,15
213,2999,406,2,341,682,643,Discount,39
214,3196,438,1,249,249,249,Discount,0
215,2225,415,3,162,486,450,Discount,36
216,2907,496,3,228,684,636,Discount,48
217,2450,445,1,242,242,219,Discount,23
218,2999,454,2,201,402,342,Discount,60
219,2380,484,1,481,481,420,Discount,61
220,2767,468,3,214,642,603,Discount,39
221,2952,435,3,108,324,324,Discount,0
222,2903,421,1,108,108,107,Discount,1
223,3197,500,1,183,183,164,Discount,19
224,2996,470,4,228,912,866,Discount,46
225,2475,440,4,467,1868,1831,Discount,37
226,3125,498,2,140,280,212,Discount,68
227,3142,462,3,493,1479,1411,Discount,68
228,3366,435,3,483,1449,1406,Discount,43
229,3432,447,1,466,466,425,Discount,41
230,3486,433,1,419,419,389,Discount,30
231,3490,488,4,417,1668,1616,Discount,52
232,3077,412,1,124,124,122,Discount,2
233,3483,436,2,329,658,612,Discount,46
234,2096,449,2,449,898,818,Discount,80
235,2801,415,1,133,133,55,Discount,78
236,3229,488,1,461,461,404,Discount,57
237,2759,412,3,477,1431,1356,Discount,75
238,2270,468,4,226,904,884,Discount,20
239,3355,433,1,375,375,357,Discount,18
240,2620,481,1,116,116,60,Discount,56
241,3331,441,2,450,900,900,Discount,0
242,2189,466,1,277,277,217,Discount,60
243,2844,440,2,463,926,926,Discount,0
244,2154,419,3,210,630,617,Discount,13
245,3456,436,4,428,1712,1652,Discount,60
246,2528,434,3,347,1041,1039,Discount,2
247,2919,452,1,298,298,293,Discount,5
248,2667,422,4,198,792,792,Discount,0
249,2771,418,3,162,486,486,Discount,0
250,3483,413,4,415,1660,1594,Discount,66
251,2844,408,2,223,446,436,Discount,10
252,2017,419,3,304,912,877,Discount,35
253,2722,488,3,115,345,284,Discount,61
254,3206,413,1,127,127,113,Discount,14
255,2022,425,1,251,251,190,Discount,61
256,2299,415,1,470,470,428,Discount,42
257,2229,448,2,382,764,723,Discount,41
258,2057,450,3,169,507,470,Discount,37
259,3142,458,4,306,1224,1215,Discount,9
260,3361,465,2,491,982,920,Discount,62
261,2009,421,4,451,1804,1771,Discount,33
262,3262,414,1,255,255,200,Discount,55
263,2597,402,2,204,408,398,Discount,10
264,3098,481,2,442,884,879,Discount,5
265,3372,418,1,226,226,148,Discount,78
266,2242,450,1,223,223,193,Discount,30
267,2610,476,3,450,1350,1343,Discount,7
268,2788,472,4,402,1608,1565,Discount,43
269,3161,405,2,154,308,278,Discount,30
270,2300,494,4,366,1464,1442,Discount,22
271,2506,453,1,363,363,361,Discount,2
272,2257,486,3,223,669,606,Discount,63
273,2182,421,4,224,896,862,Discount,34
274,2736,470,2,327,654,652,Discount,2
275,2399,411,2,158,316,271,Discount,45
276,2402,406,1,224,224,220,Discount,4
277,3483,473,4,215,860,847,Discount,13
278,3339,461,2,138,276,274,Discount,2
279,2440,432,1,428,428,418,Discount,10
280,2840,450,1,330,330,281,Discount,49
281,2496,409,2,352,704,643,Discount,61
282,2101,434,2,168,336,331,Discount,5
283,3352,406,4,376,1504,1504,Discount,0
284,3221,495,4,429,1716,1694,Discount,22
285,3087,474,4,364,1456,1404,Discount,52
286,3119,463,4,207,828,779,Discount,49
287,2213,485,2,287,574,530,Discount,44
288,2310,410,3,495,1485,1466,Discount,19
289,3019,473,4,195,780,765,Discount,15
290,2687,490,1,287,287,276,Discount,11
291,3134,438,4,423,1692,1635,Discount,57
292,2880,435,4,389,1556,1499,Discount,57
293,2002,434,2,174,348,339,Discount,9
294,2843,452,4,423,1692,1622,Discount,70
295,3177,456,2,399,798,791,Discount,7
296,2161,436,3,355,1065,1049,Discount,16
297,3260,429,3,159,477,421,Discount,56
298,3212,445,1,326,326,310,Discount,16
299,2604,434,3,374,1122,1108,Discount,14
300,2659,438,3,369,1107,1062,Discount,45
301,2689,454,4,451,1804,1766,Discount,38
302,2890,449,2,377,754,754,Discount,0
303,3348,480,2,179,358,283,Discount,75
304,3461,425,1,118,118,80,Discount,38
305,2576,466,2,194,388,342,Discount,46
306,2186,433,2,313,626,582,Discount,44
307,3452,443,1,477,477,452,Discount,25
308,3190,500,3,262,786,786,Discount,0
309,2644,493,1,132,132,132,Discount,0
310,2801,470,2,183,366,312,Discount,54
311,3322,423,3,347,1041,978,Discount,63
312,2335,478,4,141,564,558,Discount,6
313,2753,449,4,308,1232,1182,Discount,50
314,2884,456,2,443,886,874,Discount,12
315,3283,442,2,473,946,869,Discount,77
316,3322,454,2,129,258,237,Discount,21
317,2191,452,1,145,145,65,Discount,80
318,2206,411,2,299,598,562,Discount,36
319,2463,441,3,436,1308,1281,Discount,27
320,2052,484,1,378,378,334,Discount,44
321,3390,481,4,312,1248,1248,Discount,0
322,2156,479,2,173,346,312,Discount,34
323,2836,456,3,226,678,616,Discount,62
324,2231,447,1,469,469,440,Discount,29
325,2799,431,3,381,1143,1106,Discount,37
326,3252,409,3,450,1350,1308,Discount,42
327,3010,471,4,148,592,568,Discount,24
328,2831,495,3,346,1038,970,Discount,68
329,3377,484,4,298,1192,1192,Discount,0
330,2877,444,2,151,302,292,Discount,10
331,2353,467,1,272,272,203,Discount,69
332,3066,472,2,145,290,213,Discount,77
333,3378,429,3,436,1308,1302,Discount,6
334,2131,471,4,415,1660,1613,Discount,47
335,2001,498,4,280,1120,1081,Discount,39
336,2031,473,4,120,480,454,Discount,26
337,2291,465,2,391,782,734,Discount,48
338,3064,495,2,308,616,589,Discount,27
339,3229,450,1,499,499,493,Discount,6
340,2414,458,2,126,252,239,Discount,13
341,2198,486,4,120,480,480,Discount,0
342,2818,443,4,283,1132,1127,Discount,5
343,3270,460,1,112,112,89,Discount,23
344,3269,498,2,423,846,812,Discount,34
345,2051,467,3,120,360,297,Discount,63
346,3164,477,3,365,1095,1095,Discount,0
347,3114,432,2,128,256,186,Discount,70
348,2463,426,1,108,108,50,Discount,58
349,2834,437,2,374,748,697,Discount,51
350,2440,458,3,473,1419,1406,Discount,13
351,2622,401,1,314,314,254,Discount,60
352,3292,425,1,239,239,206,Discount,33
353,2506,416,4,169,676,661,Discount,15
354,2437,479,3,120,360,360,Discount,0
355,2256,451,3,292,876,812,Discount,64
356,3255,445,2,473,946,932,Discount,14
357,2351,465,3,181,543,484,Discount,59
358,2935,411,3,383,1149,1135,Discount,14
359,2567,450,1,417,417,401,Discount,16
360,2474,465,2,442,884,868,Discount,16
361,3374,449,3,332,996,939,Discount,57
362,2117,408,1,309,309,253,Discount,56
363,2302,427,2,305,610,589,Discount,21
364,2658,419,3,327,981,981,Discount,0
365,2268,480,1,248,248,180,Discount,68
366,2768,449,3,169,507,499,Discount,8
367,2422,463,3,306,918,847,Discount,71
368,3051,401,1,483,483,431,Discount,52
369,2556,418,4,358,1432,1365,Discount,67
370,2067,471,3,415,1245,1245,Discount,0
371,2507,435,3,376,1128,1063,Discount,65
372,2889,495,1,253,253,248,Discount,5
373,2900,471,2,305,610,572,Discount,38
374,2511,430,4,356,1424,1347,Discount,77
375,2006,468,3,183,549,549,Discount,0
376,2247,456,2,386,772,764,Discount,8
377,3428,440,1,332,332,326,Discount,6
378,2594,484,4,159,636,566,Discount,70
379,3293,492,2,384,768,731,Discount,37
380,2577,406,3,443,1329,1321,Discount,8
381,3249,450,2,215,430,410,Discount,20
382,2346,475,2,500,1000,950,Discount,50
383,2025,429,4,137,548,472,Discount,76
384,3273,451,3,435,1305,1255,Discount,50
385,2821,472,4,282,1128,1112,Discount,16
386,2430,469,2,124,248,180,Discount,68
387,3320,476,1,421,421,397,Discount,24
388,2745,462,1,305,305,255,Discount,50
389,2832,402,2,306,612,542,Discount,70
390,2172,485,4,309,1236,1187,Discount,49
391,2612,427,2,323,646,644,Discount,2
392,3256,418,2,449,898,891,Discount,7
393,2108,413,4,245,980,967,Discount,13
394,2042,474,3,269,807,733,Discount,74
395,3487,445,4,438,1752,1710,Discount,42
396,3278,465,3,160,480,408,Discount,72
397,3382,418,2,354,708,708,Discount,0
398,2509,402,2,104,208,202,Discount,6
399,2211,435,1,243,243,211,Discount,32
400,2240,498,3,384,1152,1108,Discount,44
401,2991,474,2,496,992,933,Discount,59
402,3086,415,2,427,854,805,Discount,49
403,2620,477,4,302,1208,1199,Discount,9
404,2652,481,1,210,210,134,Discount,76
405,2405,461,4,359,1436,1358,Discount,78
406,2072,411,2,100,200,154,Discount,46
407,2119,440,4,287,1148,1083,Discount,65
408,2669,417,3,426,1278,1232,Discount,46
409,2833,443,1,226,226,152,Discount,74
410,2188,468,1,437,437,395,Discount,42
411,2341,422,2,342,684,633,Discount,51
412,2621,443,2,257,514,514,Discount,0
413,2696,492,4,112,448,412,Discount,36
414,2734,439,4,404,1616,1553,Discount,63
415,3123,411,1,479,479,417,Discount,62
416,3398,489,1,385,385,377,Discount,8
417,2424,435,4,337,1348,1320,Discount,28
418,2032,494,1,317,317,257,Discount,60
419,2766,418,4,406,1624,1596,Discount,28
420,2478,440,2,325,650,620,Discount,30
421,2332,467,2,265,530,499,Discount,31
422,3341,433,2,477,954,922,Discount,32
423,2251,448,3,405,1215,1166,Discount,49
424,3355,454,3,312,936,906,Discount,30
425,2280,442,3,177,531,517,Discount,14
426,2934,463,4,481,1924,1924,Discount,0
427,2168,443,2,303,606,574,Discount,32
428,2987,414,2,133,266,220,Discount,46
429,3180,495,3,477,1431,1403,Discount,28
430,2653,484,4,311,1244,1244,Discount,0
431,2587,461,2,335,670,661,Discount,9
432,2299,493,2,231,462,435,Discount,27
433,3114,460,4,419,1676,1676,Discount,0
434,3004,456,4,102,408,365,Discount,43
435,3197,422,1,282,282,241,Discount,41
436,3447,434,1,183,183,138,Discount,45
437,2983,453,4,160,640,563,Discount,77
438,3238,469,1,383,383,373,Discount,10
439,2940,412,2,257,514,481,Discount,33
440,2393,455,4,156,624,555,Discount,69
441,3307,432,1,305,305,236,Discount,69
442,2706,424,2,314,628,548,Discount,80
443,3037,452,3,489,1467,1417,Discount,50
444,2220,402,2,173,346,296,Discount,50
445,3135,438,3,484,1452,1434,Discount,18
446,2611,463,2,109,218,147,Discount,71
447,3106,402,3,498,1494,1441,Discount,53
448,3135,454,1,386,386,370,Discount,16
449,2882,459,2,125,250,248,Discount,2
450,3351,413,3,322,966,909,Discount,57
451,3416,498,1,301,301,271,Discount,30
452,2233,451,3,242,726,672,Discount,54
453,2326,479,2,287,574,559,Discount,15
454,3030,457,2,218,436,413,Discount,23
455,2615,409,4,329,1316,1307,Discount,9
456,3328,405,4,139,556,493,Discount,63
457,2697,452,2,179,358,280,Discount,78
458,2141,454,4,418,1672,1627,Discount,45
459,2830,440,1,188,188,111,Discount,77
460,3115,418,1,434,434,379,Discount,55
461,2654,421,3,251,753,702,Discount,51
462,2650,491,4,362,1448,1385,Discount,63
463,2205,462,4,418,1672,1665,Discount,7
464,2338,487,2,242,484,419,Discount,65
465,3162,429,2,354,708,664,Discount,44
466,3104,496,2,268,536,495,Discount,41
467,3101,422,4,140,560,543,Discount,17
468,3357,434,2,110,220,193,Discount,27
469,2976,405,1,303,303,243,Discount,60
470,2558,472,2,228,456,394,Discount,62
471,2564,448,1,153,153,120,Discount,33
472,2826,483,2,203,406,406,Discount,0
473,3187,478,2,209,418,372,Discount,46
474,2800,438,1,114,114,48,Discount,66
475,3286,464,2,317,634,585,Discount,49
476,2650,423,4,272,1088,1076,Discount,12
477,2106,473,2,457,914,914,Discount,0
478,2252,493,3,461,1383,1306,Discount,77
479,2610,461,2,241,482,475,Discount,7
480,2640,459,4,430,1720,1680,Discount,40
481,2127,487,4,197,788,750,Discount,38
482,3064,461,4,369,1476,1476,Discount,0
483,2652,404,3,202,606,604,Discount,2
484,3015,497,4,280,1120,1120,Discount,0
485,3491,480,4,476,1904,1904,Discount,0
486,2147,490,1,405,405,358,Discount,47
487,2664,471,3,388,1164,1150,Discount,14
488,2246,403,2,364,728,717,Discount,11
489,2825,433,1,156,156,143,Discount,13
490,3470,439,2,478,956,956,Discount,0
491,2681,482,2,493,986,932,Discount,54
492,2732,467,1,239,239,239,Discount,0
493,2005,480,3,232,696,694,Discount,2
494,2443,477,4,105,420,404,Discount,16
495,3130,408,3,355,1065,1014,Discount,51
496,3352,420,2,426,852,779,Discount,73
497,2155,426,4,150,600,548,Discount,52
498,3359,483,1,242,242,202,Discount,40
499,2976,422,2,151,302,226,Discount,76
500,2102,404,3,117,351,289,Discount,62
501,3030,460,3,386,1158,1123,Discount,35
502,2640,468,2,224,448,448,Discount,0
503,2917,499,1,497,497,497,Discount,0
504,2601,455,4,430,1720,1714,Discount,6
505,2824,435,1,407,407,401,Discount,6
506,3340,410,3,271,813,752,Discount,61
507,2457,434,3,305,915,886,Discount,29
508,3342,482,2,360,720,654,Discount,66
509,2271,458,4,201,804,728,Discount,76
510,3258,489,2,494,988,949,Discount,39
511,3143,415,2,408,816,808,Discount,8
512,2868,486,1,246,246,189,Discount,57
513,2125,494,4,145,580,573,Discount,7
514,2158,490,3,358,1074,1017,Discount,57
515,2361,495,4,390,1560,1518,Discount,42
516,3117,436,4,453,1812,1812,Discount,0
517,3006,444,3,477,1431,1401,Discount,30
518,3421,493,2,135,270,264,Discount,6
519,2317,427,4,264,1056,1055,Discount,1
520,2179,401,4,197,788,739,Discount,49
521,2239,464,1,149,149,84,Discount,65
522,3427,450,1,157,157,157,Discount,0
523,2565,449,1,384,384,354,Discount,30
524,2452,484,2,430,860,821,Discount,39
525,2114,434,4,318,1272,1253,Discount,19
526,3419,478,2,303,606,578,Discount,28
527,3236,436,2,220,440,398,Discount,42
528,3058,485,4,236,944,885,Discount,59
529,2432,405,2,447,894,855,Discount,39
530,2424,465,4,478,1912,1905,Discount,7
531,2181,422,3,101,303,249,Discount,54
532,2023,444,2,305,610,592,Discount,18
533,3002,438,3,429,1287,1232,Discount,55
534,2214,482,1,418,418,369,Discount,49
535,2248,492,4,330,1320,1294,Discount,26
536,3484,492,4,258,1032,1032,Discount,0
537,3152,488,1,468,468,445,Discount,23
538,2666,457,1,355,355,306,Discount,49
539,3306,430,1,455,455,440,Discount,15
540,2589,442,2,499,998,930,Discount,68
541,2061,458,4,483,1932,1900,Discount,32
542,2103,440,2,446,892,872,Discount,20
543,2488,491,3,172,516,496,Discount,20
544,2029,471,4,301,1204,1187,Discount,17
545,2466,446,2,174,348,337,Discount,11
546,2191,417,4,469,1876,1853,Discount,23
547,2764,475,4,292,1168,1089,Discount,79
548,3346,464,1,484,484,461,Discount,23
549,2102,478,4,277,1108,1106,Discount,2
550,2956,433,2,454,908,845,Discount,63
551,2266,488,4,161,644,586,Discount,58
552,2080,421,4,215,860,829,Discount,31
553,2660,461,4,208,832,815,Discount,17
554,2709,477,4,114,456,406,Discount,50
555,2821,449,1,330,330,306,Discount,24
556,2732,460,1,286,286,259,Discount,27
557,3019,437,1,328,328,258,Discount,70
558,2943,449,2,112,224,150,Discount,74
559,2462,441,2,217,434,434,Discount,0
560,2011,433,3,250,750,708,Discount,42
561,3075,432,1,331,331,288,Discount,43
562,2667,440,2,225,450,373,Discount,77
563,2685,443,1,155,155,122,Discount,33
564,2483,466,4,490,1960,1936,Discount,24
565,3155,405,3,292,876,824,Discount,52
566,3002,412,2,391,782,735,Discount,47
567,2396,424,2,304,608,589,Discount,19
568,2676,454,3,347,1041,1002,Discount,39
569,2524,403,4,306,1224,1224,Discount,0
570,2806,498,4,203,812,791,Discount,21
571,2178,433,4,453,1812,1809,Discount,3
572,2901,479,3,338,1014,991,Discount,23
573,3201,486,2,175,350,319,Discount,31
574,2184,426,3,446,1338,1268,Discount,70
575,2971,467,3,158,474,428,Discount,46
576,3194,434,2,251,502,493,Discount,9
577,2237,493,1,204,204,153,Discount,51
578,2138,414,4,195,780,741,Discount,39
579,2744,413,2,107,214,140,Discount,74
580,3214,464,2,272,544,544,Discount,0
581,2902,411,4,410,1640,1574,Discount,66
582,3284,468,1,192,192,146,Discount,46
583,3232,497,1,284,284,211,Discount,73
584,2200,419,1,430,430,401,Discount,29
585,2453,436,3,139,417,357,Discount,60
586,3168,438,1,336,336,259,Discount,77
587,2682,424,3,496,1488,1470,Discount,18
588,2844,415,1,480,480,438,Discount,42
589,2161,458,4,444,1776,1706,Discount,70
590,2921,497,4,301,1204,1157,Discount,47
591,2043,407,2,205,410,346,Discount,64
592,3218,415,4,325,1300,1244,Discount,56
593,3137,498,1,271,271,253,Discount,18
594,2790,477,4,372,1488,1488,Discount,0
595,3359,491,1,125,125,52,Discount,73
596,2782,475,2,409,818,777,Discount,41
597,2379,499,1,274,274,204,Discount,70
598,2665,464,4,135,540,539,Discount,1
599,2864,459,1,499,499,433,Discount,66
600,2092,404,4,251,1004,928,Discount,76
601,2187,421,4,211,844,769,Discount,75
602,2784,500,4,463,1852,1845,Discount,7
603,2631,403,1,129,129,123,Discount,6
604,2932,421,4,121,484,409,Discount,75
605,3154,430,3,410,1230,1230,Discount,0
606,2425,483,4,274,1096,1083,Discount,13
607,3497,489,4,262,1048,1046,Discount,2
608,2682,424,3,197,591,512,Discount,79
609,2156,492,3,304,912,851,Discount,61
610,2788,401,3,198,594,572,Discount,22
611,2142,417,1,266,266,204,Discount,62
612,2535,423,3,235,705,665,Discount,40
613,2225,437,2,242,484,406,Discount,78
614,3473,442,3,392,1176,1170,Discount,6
615,3301,404,4,290,1160,1140,Discount,20
616,2160,436,4,102,408,408,Discount,0
617,3166,457,2,394,788,788,Discount,0
618,2827,464,1,256,256,183,Discount,73
619,2534,478,3,420,1260,1217,Discount,43
620,3040,428,2,184,368,344,Discount,24
621,2704,471,1,283,283,283,Discount,0
622,2285,469,3,367,1101,1087,Discount,14
623,2161,418,3,479,1437,1387,Discount,50
624,2378,482,4,171,684,624,Discount,60
625,2683,448,4,224,896,896,Discount,0
626,3327,413,1,299,299,227,Discount,72
627,2411,463,3,163,489,470,Discount,19
628,2124,455,3,459,1377,1321,Discount,56
629,3292,425,3,133,399,319,Discount,80
630,2313,405,1,198,198,133,Discount,65
631,3254,442,2,209,418,343,Discount,75
632,2417,468,3,398,1194,1154,Discount,40
633,2249,466,4,319,1276,1276,Discount,0
634,2669,432,2,303,606,605,Discount,1
635,2083,485,3,441,1323,1243,Discount,80
636,3118,448,4,490,1960,1947,Discount,13
637,3341,487,2,355,710,632,Discount,78
638,2536,417,4,454,1816,1751,Discount,65
639,2520,499,2,450,900,886,Discount,14
640,2835,440,3,320,960,923,Discount,37
641,2316,491,2,292,584,546,Discount,38
642,2727,469,1,118,118,55,Discount,63
643,2529,496,1,235,235,235,Discount,0
644,2793,477,3,437,1311,1306,Discount,5
645,3242,497,3,325,975,897,Discount,78
646,2316,445,3,104,312,311,Discount,1
647,3447,456,4,360,1440,1415,Discount,25
648,3414,481,4,128,512,461,Discount,51
649,2133,424,3,169,507,479,Discount,28
650,3325,428,1,273,273,273,Discount,0
651,2840,438,4,142,568,514,Discount,54
652,3180,462,2,121,242,217,Discount,25
653,3142,499,3,398,1194,1174,Discount,20
654,3358,464,1,117,117,87,Discount,30
655,2781,483,1,226,226,192,Discount,34
656,3335,469,4,215,860,842,Discount,18
657,2699,424,4,417,1668,1660,Discount,8
658,2134,401,3,227,681,623,Discount,58
659,2689,456,2,195,390,334,Discount,56
660,3110,490,4,181,724,700,Discount,24
661,2132,416,2,236,472,422,Discount,50
662,2071,466,4,451,1804,1750,Discount,54
663,2482,456,3,201,603,582,Discount,21
664,3107,475,3,467,1401,1331,Discount,70
665,3091,459,1,266,266,266,Discount,0
666,3192,417,1,173,173,141,Discount,32
667,2079,413,3,359,1077,1070,Discount,7
668,2059,485,3,290,870,847,Discount,23
669,3404,417,4,445,1780,1742,Discount,38
670,2293,409,4,188,752,717,Discount,35
671,2079,436,3,143,429,362,Discount,67
672,2781,483,3,180,540,511,Discount,29
673,2588,470,2,197,394,390,Discount,4
674,2919,405,4,402,1608,1582,Discount,26
675,3330,497,4,307,1228,1195,Discount,33
676,3193,441,4,185,740,740,Discount,0
677,2311,469,1,496,496,458,Discount,38
678,2972,428,3,247,741,673,Discount,68
679,2958,410,1,322,322,247,Discount,75
680,3462,441,1,109,109,109,Discount,0
681,2376,420,3,322,966,897,Discount,69
682,2595,487,1,492,492,492,Discount,0
683,2953,459,2,377,754,709,Discount,45
684,2698,416,3,313,939,916,Discount,23
685,2939,454,1,182,182,180,Discount,2
686,2421,402,3,128,384,325,Discount,59
687,2124,483,2,145,290,282,Discount,8
688,3073,436,2,136,272,261,Discount,11
689,3295,438,4,109,436,402,Discount,34
690,2459,448,1,344,344,297,Discount,47
691,2540,470,4,193,772,739,Discount,33
692,2150,453,1,396,396,378,Discount,18
693,2884,452,2,445,890,844,Discount,46
694,2942,410,3,216,648,606,Discount,42
695,2144,419,2,395,790,743,Discount,47
696,2758,458,3,385,1155,1141,Discount,14
697,2571,452,4,322,1288,1269,Discount,19
698,2013,433,3,313,939,915,Discount,24
699,2610,407,4,289,1156,1155,Discount,1
700,2035,452,2,379,758,758,Discount,0
701,3063,457,2,382,764,742,Discount,22
702,2682,486,3,197,591,581,Discount,10
703,3234,403,2,181,362,289,Discount,73
704,2808,417,4,210,840,840,Discount,0
705,2946,417,1,202,202,150,Discount,52
706,3458,416,2,464,928,919,Discount,9
707,2372,411,1,302,302,275,Discount,27
708,2759,451,2,370,740,660,Discount,80
709,3222,421,4,182,728,659,Discount,69
710,2636,464,4,381,1524,1520,Discount,4
711,3045,463,3,174,522,482,Discount,40
712,3474,406,3,286,858,807,Discount,51
713,3392,427,1,463,463,441,Discount,22
714,3112,439,3,315,945,889,Discount,56
715,2435,438,2,262,524,474,Discount,50
716,2387,450,1,200,200,143,Discount,57
717,3114,454,2,486,972,945,Discount,27
718,2703,496,2,225,450,411,Discount,39
719,2305,423,2,104,208,183,Discount,25
720,3445,485,1,477,477,429,Discount,48
721,3459,411,3,323,969,922,Discount,47
722,2862,428,4,190,760,723,Discount,37
723,2302,429,3,364,1092,1084,Discount,8
724,3125,401,2,286,572,519,Discount,53
725,2007,461,4,111,444,418,Discount,26
726,2351,420,1,446,446,398,Discount,48
727,2176,449,2,195,390,346,Discount,44
728,2213,411,3,252,756,756,Discount,0
729,2243,453,1,339,339,310,Discount,29
730,2057,411,2,140,280,214,Discount,66
731,2984,420,2,335,670,594,Discount,76
732,3030,414,1,262,262,208,Discount,54
733,3455,485,2,187,374,298,Discount,76
734,3164,429,2,384,768,759,Discount,9
735,3299,452,4,237,948,934,Discount,14
736,3027,497,2,227,454,454,Discount,0
737,2044,418,3,486,1458,1427,Discount,31
738,2928,403,2,325,650,650,Discount,0
739,2254,401,4,379,1516,1468,Discount,48
740,2404,444,1,164,164,111,Discount,53
741,2860,460,1,116,116,67,Discount,49
742,2034,452,3,382,1146,1146,Discount,0
743,2792,401,1,141,141,129,Discount,12
744,3474,492,4,334,1336,1313,Discount,23
745,3411,401,1,219,219,168,Discount,51
746,3113,470,3,252,756,756,Discount,0
747,2964,404,3,399,1197,1166,Discount,31
748,2070,486,3,104,312,259,Discount,53
749,2147,492,1,418,418,347,Discount,71
750,2266,404,2,243,486,441,Discount,45
751,3487,448,4,420,1680,1634,Discount,46
752,2941,461,4,344,1376,1344,Discount,32
753,3325,416,2,420,840,821,Discount,19
754,3438,492,3,484,1452,1388,Discount,64
755,2667,478,1,410,410,357,Discount,53
756,2947,467,1,354,354,354,Discount,0
757,2173,404,4,231,924,891,Discount,33
758,2087,422,2,430,860,823,Discount,37
759,2432,490,3,481,1443,1385,Discount,58
760,2422,482,3,481,1443,1367,Discount,76
761,2812,477,2,310,620,603,Discount,17
762,3181,493,4,449,1796,1796,Discount,0
763,2837,416,3,208,624,586,Discount,38
764,3244,450,4,192,768,748,Discount,20
765,3444,429,4,203,812,776,Discount,36
766,3272,479,4,418,1672,1600,Discount,72
767,2195,446,1,359,359,291,Discount,68
768,2363,447,2,278,556,532,Discount,24
769,2543,438,4,417,1668,1633,Discount,35
770,2531,463,4,231,924,910,Discount,14
771,2104,493,1,483,483,434,Discount,49
772,2036,412,2,201,402,337,Discount,65
773,2593,429,1,395,395,328,Discount,67
774,2331,426,2,348,696,624,Discount,72
775,3112,405,2,273,546,520,Discount,26
776,3043,411,1,413,413,360,Discount,53
777,3248,499,2,468,936,936,Discount,0
778,3238,414,2,364,728,701,Discount,27
779,2864,401,2,335,670,592,Discount,78
780,2280,426,2,331,662,629,Discount,33
781,3458,473,2,482,964,945,Discount,19
782,3473,444,3,290,870,870,Discount,0
783,2529,459,1,404,404,328,Discount,76
784,3466,500,2,148,296,277,Discount,19
785,2714,425,2,110,220,182,Discount,38
786,3135,498,1,294,294,244,Discount,50
787,3256,491,3,179,537,528,Discount,9
788,2890,422,1,426,426,363,Discount,63
789,2124,486,4,312,1248,1203,Discount,45
790,2243,463,2,190,380,322,Discount,58
791,2767,468,3,415,1245,1245,Discount,0
792,2712,483,4,175,700,639,Discount,61
793,2967,475,4,190,760,712,Discount,48
794,2559,459,4,338,1352,1273,Discount,79
795,2830,460,1,390,390,313,Discount,77
796,2109,403,2,273,546,495,Discount,51
797,3421,410,3,323,969,932,Discount,37
798,3275,456,4,465,1860,1816,Discount,44
799,3119,449,4,190,760,750,Discount,10
800,3047,477,2,343,686,643,Discount,43
801,2293,434,2,118,236,158,Discount,78
802,2693,404,3,133,399,353,Discount,46
803,2947,471,3,200,600,600,Discount,0
804,2604,479,2,153,306,295,Discount,11
805,2184,436,3,426,1278,1273,Discount,5
806,2079,472,1,104,104,40,Discount,64
807,3274,477,1,492,492,479,Discount,13
808,2436,486,3,253,759,702,Discount,57
809,3035,455,4,195,780,780,Discount,0
810,2605,480,3,176,528,502,Discount,26
811,2512,453,2,199,398,395,Discount,3
812,3344,423,2,396,792,788,Discount,4
813,2659,407,1,461,461,461,Discount,0
814,2829,444,2,128,256,182,Discount,74
815,2761,453,1,469,469,451,Discount,18
816,2038,449,2,475,950,947,Discount,3
817,2766,482,3,434,1302,1289,Discount,13
818,3330,413,3,238,714,640,Discount,74
819,2143,412,3,343,1029,984,Discount,45
820,3064,422,4,159,636,599,Discount,37
821,2780,495,3,431,1293,1293,Discount,0
822,2608,415,2,442,884,815,Discount,69
823,2879,411,1,147,147,105,Discount,42
824,2945,426,3,294,882,819,Discount,63
825,2201,457,4,286,1144,1110,Discount,34
826,2567,457,3,337,1011,969,Discount,42
827,3062,454,2,447,894,823,Discount,71
828,3174,429,1,168,168,131,Discount,37
829,2736,489,2,456,912,870,Discount,42
830,2056,458,4,127,508,471,Discount,37
831,3166,448,2,228,456,451,Discount,5
832,3263,402,4,370,1480,1454,Discount,26
833,2783,486,3,474,1422,1387,Discount,35
834,2263,490,2,391,782,772,Discount,10
835,2392,410,1,184,184,139,Discount,45
836,2792,487,3,414,1242,1187,Discount,55
837,3043,434,3,422,1266,1244,Discount,22
838,2869,478,2,278,556,549,Discount,7
839,2772,484,2,198,396,368,Discount,28
840,3372,435,2,217,434,416,Discount,18
841,2017,470,2,432,864,827,Discount,37
842,2826,410,1,446,446,386,Discount,60
843,3367,456,4,419,1676,1648,Discount,28
844,2271,483,1,287,287,287,Discount,0
845,3383,479,4,319,1276,1247,Discount,29
846,2931,409,4,267,1068,1000,Discount,68
847,2387,466,1,331,331,329,Discount,2
848,2762,487,4,312,1248,1235,Discount,13
849,2918,433,3,253,759,729,Discount,30
850,3379,414,1,199,199,148,Discount,51
851,2227,444,2,385,770,744,Discount,26
852,3183,453,1,362,362,355,Discount,7
853,3149,420,3,180,540,485,Discount,55
854,2808,436,4,192,768,726,Discount,42
855,2326,486,2,472,944,940,Discount,4
856,2443,418,4,177,708,684,Discount,24
857,2259,464,2,199,398,398,Discount,0
858,3082,488,2,351,702,689,Discount,13
859,2499,473,1,305,305,277,Discount,28
860,2864,452,2,276,552,552,Discount,0
861,2702,471,3,110,330,308,Discount,22
862,2477,500,2,206,412,357,Discount,55
863,3094,406,4,330,1320,1320,Discount,0
864,2656,426,3,478,1434,1405,Discount,29
865,2086,466,4,343,1372,1372,Discount,0
866,2510,486,3,330,990,946,Discount,44
867,3275,480,2,264,528,528,Discount,0
868,3394,493,2,167,334,288,Discount,46
869,3439,448,3,414,1242,1225,Discount,17
870,2332,453,1,258,258,224,Discount,34
871,2406,411,4,111,444,384,Discount,60
872,3131,487,4,261,1044,982,Discount,62
873,3201,420,1,344,344,344,Discount,0
874,2108,493,1,113,113,78,Discount,35
875,2730,453,3,292,876,845,Discount,31
876,2092,490,1,486,486,474,Discount,12
877,2607,414,4,354,1416,1356,Discount,60
878,3402,455,3,214,642,642,Discount,0
879,3381,451,3,464,1392,1319,Discount,73
880,3457,485,1,287,287,259,Discount,28
881,3131,482,3,334,1002,972,Discount,30
882,3401,452,1,251,251,232,Discount,19
883,3065,431,1,192,192,120,Discount,72
884,2642,459,1,440,440,394,Discount,46
885,3408,496,3,275,825,817,Discount,8
886,3427,404,3,284,852,823,Discount,29
887,2408,423,1,463,463,438,Discount,25
888,3046,490,3,464,1392,1347,Discount,45
889,3348,401,3,313,939,938,Discount,1
890,2634,490,2,343,686,653,Discount,33
891,2420,439,4,361,1444,1444,Discount,0
892,2386,461,2,356,712,708,Discount,4
893,2285,484,3,328,984,947,Discount,37
894,2703,484,4,432,1728,1671,Discount,57
895,2823,437,3,357,1071,1046,Discount,25
896,3030,409,4,445,1780,1741,Discount,39
897,2373,439,2,124,248,226,Discount,22
898,2191,421,1,116,116,116,Discount,0
899,2100,453,4,486,1944,1943,Discount,1
900,3479,419,3,313,939,939,Discount,0
901,3170,437,4,411,1644,1605,Discount,39
902,2598,419,2,311,622,574,Discount,48
903,3037,436,3,349,1047,1042,Discount,5
904,2524,445,4,126,504,439,Discount,65
905,3467,442,3,446,1338,1314,Discount,24
906,2953,453,3,127,381,358,Discount,23
907,2373,459,2,284,568,566,Discount,2
908,2539,456,2,183,366,318,Discount,48
909,2435,487,3,118,354,335,Discount,19
910,3356,465,3,175,525,453,Discount,72
911,3264,408,1,301,301,301,Discount,0
912,2499,456,1,285,285,223,Discount,62
913,2847,489,1,404,404,369,Discount,35
914,2925,413,4,418,1672,1654,Discount,18
915,3064,435,1,489,489,457,Discount,32
916,2886,449,4,194,776,747,Discount,29
917,2238,469,4,210,840,810,Discount,30
918,3317,442,3,333,999,945,Discount,54
919,3122,478,1,160,160,88,Discount,72
920,2096,487,2,489,978,927,Discount,51
921,3046,469,2,359,718,707,Discount,11
922,2564,403,2,170,340,339,Discount,1
923,2681,443,4,430,1720,1682,Discount,38
924,3449,424,2,177,354,354,Discount,0
925,3323,475,1,473,473,394,Discount,79
926,2629,444,1,327,327,284,Discount,43
927,3270,408,1,301,301,241,Discount,60
928,3130,402,1,279,279,279,Discount,0
929,2716,420,3,330,990,960,Discount,30
930,3201,431,3,293,879,869,Discount,10
931,2578,427,1,329,329,322,Discount,7
932,2233,418,2,105,210,167,Discount,43
933,3318,411,1,390,390,325,Discount,65
934,2912,434,2,444,888,850,Discount,38
935,2490,464,3,234,702,632,Discount,70
936,2349,446,2,386,772,772,Discount,0
937,2934,452,2,131,262,262,Discount,0
938,3267,402,3,110,330,330,Discount,0
939,2851,426,3,330,990,984,Discount,6
940,2190,479,1,103,103,38,Discount,65
941,3000,482,3,385,1155,1087,Discount,68
942,2023,460,2,239,478,425,Discount,53
943,2360,499,3,164,492,483,Discount,9
944,3442,443,1,494,494,494,Discount,0
945,3015,491,3,480,1440,1392,Discount,48
946,3380,470,4,417,1668,1640,Discount,28
947,3206,427,4,470,1880,1844,Discount,36
948,2905,476,2,366,732,676,Discount,56
949,2941,445,2,462,924,924,Discount,0
950,3462,435,3,249,747,741,Discount,6
951,2477,407,2,115,230,207,Discount,23
952,3052,467,4,314,1256,1183,Discount,73
953,3217,433,3,366,1098,1069,Discount,29
954,3175,464,4,470,1880,1855,Discount,25
955,2827,465,4,421,1684,1684,Discount,0
956,2315,480,1,374,374,363,Discount,11
957,2669,471,2,428,856,822,Discount,34
958,2797,480,2,325,650,648,Discount,2
959,3441,473,2,474,948,881,Discount,67
960,3425,469,3,245,735,687,Discount,48
961,2030,477,4,249,996,996,Discount,0
962,2176,458,2,298,596,532,Discount,64
963,2112,494,4,131,524,475,Discount,49
964,2581,461,4,355,1420,1407,Discount,13
965,2519,438,2,301,602,597,Discount,5
966,2049,440,1,438,438,380,Discount,58
967,2960,440,2,206,412,338,Discount,74
968,2797,494,1,241,241,193,Discount,48
969,3090,435,1,330,330,305,Discount,25
970,3488,471,4,204,816,758,Discount,58
971,3214,457,4,195,780,711,Discount,69
972,3455,453,2,112,224,221,Discount,3
973,2996,474,3,303,909,851,Discount,58
974,3399,405,3,215,645,602,Discount,43
975,2973,476,1,150,150,77,Discount,73
976,2430,497,3,221,663,588,Discount,75
977,3205,491,3,282,846,815,Discount,31
978,2587,443,3,294,882,824,Discount,58
979,3074,481,2,456,912,852,Discount,60
980,2561,440,4,199,796,725,Discount,71
981,2479,481,4,169,676,649,Discount,27
982,2699,492,1,466,466,465,Discount,1
983,3043,426,2,338,676,656,Discount,20
984,3069,478,1,149,149,84,Discount,65
985,2968,430,1,166,166,94,Discount,72
986,2601,468,3,219,657,624,Discount,33
987,2884,498,3,248,744,686,Discount,58
988,2849,446,3,235,705,629,Discount,76
989,2744,441,2,262,524,524,Discount,0
990,2390,435,1,243,243,206,Discount,37
991,2766,424,4,330,1320,1286,Discount,34
992,3122,480,4,451,1804,1780,Discount,24
993,2551,456,2,253,506,445,Discount,61
994,2020,413,1,456,456,406,Discount,50
995,2023,462,1,492,492,492,Discount,0
996,2448,473,3,430,1290,1290,Discount,0
997,3334,414,4,234,936,859,Discount,77
998,3234,494,2,237,474,408,Discount,66
999,3204,440,2,399,798,757,Discount,41
1000,2858,411,3,291,873,873,Discount,0
1001,2411,479,2,230,460,394,Discount,66
1002,2117,431,4,493,1972,1947,Discount,25
1003,2849,482,4,382,1528,1481,Discount,47
1004,2303,439,2,190,380,320,Discount,60
1005,2752,419,1,288,288,269,Discount,19
1006,2889,457,4,208,832,754,Discount,78
1007,3040,489,2,120,240,215,Discount,25
1008,2753,410,2,173,346,328,Discount,18
1009,2655,453,1,221,221,221,Discount,0
1010,2242,500,2,414,828,828,Discount,0
1011,3086,469,1,227,227,167,Discount,60
1012,3355,472,2,237,474,451,Discount,23
1013,2087,478,4,322,1288,1262,Discount,26
1014,2969,488,4,142,568,556,Discount,12
1015,2560,429,2,133,266,195,Discount,71
1016,2507,415,1,481,481,481,Discount,0
1017,3199,424,3,123,369,367,Discount,2
1018,2571,489,1,263,263,201,Discount,62
1019,2425,479,1,273,273,263,Discount,10
1020,2499,477,1,418,418,418,Discount,0
1021,2608,473,3,136,408,377,Discount,31
1022,2831,462,1,466,466,426,Discount,40
1023,2792,498,1,233,233,176,Discount,57
1024,2940,466,4,337,1348,1305,Discount,43
1025,2111,495,2,378,756,743,Discount,13
1026,3018,437,2,265,530,462,Discount,68
1027,3340,442,1,244,244,198,Discount,46
1028,2181,423,2,421,842,776,Discount,66
1029,3056,432,4,478,1912,1845,Discount,67
1030,3352,455,4,185,740,701,Discount,39
1031,2102,431,3,433,1299,1289,Discount,10
1032,3083,424,3,102,306,273,Discount,33
1033,2109,421,2,155,310,251,Discount,59
1034,2131,456,2,348,696,618,Discount,78
1035,2901,474,4,324,1296,1294,Discount,2
1036,2240,401,2,300,600,584,Discount,16
1037,2789,438,4,299,1196,1164,Discount,32
1038,2536,440,2,446,892,820,Discount,72
1039,2086,466,2,424,848,806,Discount,42
1040,2550,429,1,346,346,269,Discount,77
1041,3407,436,1,420,420,417,Discount,3
1042,2937,420,1,425,425,351,Discount,74
1043,2860,414,1,387,387,387,Discount,0
1044,2235,466,3,267,801,792,Discount,9
1045,2320,405,3,193,579,543,Discount,36
1046,2864,429,4,222,888,862,Discount,26
1047,2719,443,2,232,464,432,Discount,32
1048,3166,420,1,169,169,117,Discount,52
1049,3218,431,3,121,363,312,Discount,51
1050,2068,496,2,265,530,508,Discount,22
1051,2444,464,4,489,1956,1953,Discount,3
1052,2342,425,2,338,676,676,Discount,0
1053,3018,432,1,272,272,250,Discount,22
1054,3087,486,1,303,303,293,Discount,10
1055,2069,464,4,486,1944,1888,Discount,56
1056,2573,494,1,105,105,105,Discount,0
1057,2417,429,4,129,516,491,Discount,25
1058,2158,458,4,120,480,473,Discount,7
1059,2093,451,1,495,495,473,Discount,22
1060,3348,436,4,409,1636,1589,Discount,47
1061,2501,416,4,472,1888,1815,Discount,73
1062,3227,418,2,481,962,899,Discount,63
1063,2700,417,1,117,117,56,Discount,61
1064,2938,489,1,128,128,66,Discount,62
1065,2647,422,1,159,159,159,Discount,0
1066,3468,444,1,247,247,196,Discount,51
1067,3122,416,1,459,459,407,Discount,52
1068,3325,401,2,472,944,914,Discount,30
1069,3499,493,1,307,307,290,Discount,17
1070,2895,457,2,465,930,899,Discount,31
1071,2136,438,2,107,214,170,Discount,44
1072,2544,483,1,236,236,233,Discount,3
1073,3379,465,4,439,1756,1728,Discount,28
1074,2217,468,2,482,964,944,Discount,20
1075,2480,453,3,367,1101,1098,Discount,3
1076,2828,489,3,370,1110,1110,Discount,0
1077,2705,443,2,329,658,600,Discount,58
1078,2725,402,2,326,652,593,Discount,59
1079,2412,408,4,277,1108,1078,Discount,30
1080,3141,437,4,349,1396,1368,Discount,28
1081,3395,410,4,290,1160,1080,Discount,80
1082,3459,417,1,219,219,156,Discount,63
1083,2773,492,3,429,1287,1280,Discount,7
1084,3212,487,4,418,1672,1645,Discount,27
1085,2759,496,2,444,888,840,Discount,48
1086,2643,483,4,127,508,508,Discount,0
1087,2822,433,1,434,434,420,Discount,14
1088,2384,487,4,341,1364,1326,Discount,38
1089,3289,454,3,486,1458,1405,Discount,53
1090,2550,463,3,177,531,456,Discount,75
1091,2912,463,1,420,420,383,Discount,37
1092,2520,429,1,191,191,135,Discount,56
1093,2913,411,3,256,768,709,Discount,59
1094,2334,488,2,473,946,868,Discount,78
1095,2705,466,1,404,404,394,Discount,10
1096,2726,442,3,102,306,236,Discount,70
1097,3475,462,1,485,485,475,Discount,10
1098,2361,414,4,106,424,424,Discount,0
1099,2016,441,3,455,1365,1309,Discount,56
1100,2042,460,2,183,366,298,Discount,68
1101,3304,417,3,237,711,688,Discount,23
1102,3189,481,3,372,1116,1059,Discount,57
1103,2896,429,4,216,864,786,Discount,78
1104,3114,479,1,374,374,304,Discount,70
1105,3065,477,4,246,984,969,Discount,15
1106,2091,453,2,277,554,518,Discount,36
1107,2266,424,3,486,1458,1390,Discount,68
1108,2213,431,4,195,780,741,Discount,39
1109,2089,454,4,198,792,767,Discount,25
1110,3317,428,1,350,350,322,Discount,28
1111,2015,442,4,219,876,811,Discount,65
1112,2535,483,2,233,466,400,Discount,66
1113,2848,472,3,207,621,595,Discount,26
1114,2528,421,3,176,528,456,Discount,72
1115,3172,459,2,270,540,525,Discount,15
1116,2502,427,1,173,173,102,Discount,71
1117,3397,488,1,104,104,65,Discount,39
1118,2745,476,1,500,500,427,Discount,73
1119,2496,469,1,178,178,111,Discount,67
1120,3331,486,2,349,698,628,Discount,70
1121,2159,478,3,300,900,820,Discount,80
1122,2196,449,3,352,1056,1010,Discount,46
1123,2666,461,3,239,717,710,Discount,7
1124,3422,470,1,155,155,79,Discount,76
1125,2814,498,4,232,928,927,Discount,1
1126,3076,439,3,341,1023,958,Discount,65
1127,3327,449,1,321,321,321,Discount,0
1128,2857,479,2,382,764,703,Discount,61
1129,3191,444,2,440,880,868,Discount,12
1130,3067,409,2,361,722,722,Discount,0
1131,2560,433,3,319,957,904,Discount,53
1132,2007,401,4,167,668,643,Discount,25
1133,2704,451,2,346,692,687,Discount,5
1134,2575,470,2,186,372,372,Discount,0
1135,3365,421,3,330,990,910,Discount,80
1136,2779,441,2,163,326,277,Discount,49
1137,3137,439,2,118,236,223,Discount,13
1138,2299,500,1,202,202,124,Discount,78
1139,2283,465,4,357,1428,1411,Discount,17
1140,2717,469,2,493,986,934,Discount,52
1141,2190,454,3,100,300,247,Discount,53
1142,2655,414,1,361,361,350,Discount,11
1143,3367,447,1,155,155,127,Discount,28
1144,2024,419,1,384,384,370,Discount,14
1145,3222,441,3,418,1254,1254,Discount,0
1146,2330,444,1,364,364,312,Discount,52
1147,2794,409,4,262,1048,1013,Discount,35
1148,2489,477,4,494,1976,1967,Discount,9
1149,2275,499,3,150,450,433,Discount,17
1150,2686,496,4,152,608,608,Discount,0
1151,3002,415,4,266,1064,1059,Discount,5
1152,2544,480,2,335,670,654,Discount,16
1153,3443,432,4,125,500,433,Discount,67
1154,2755,452,3,314,942,864,Discount,78
1155,3286,442,3,307,921,904,Discount,17
1156,2829,440,2,496,992,969,Discount,23
1157,2448,492,4,390,1560,1533,Discount,27
1158,2628,487,1,429,429,383,Discount,46
1159,3450,416,1,334,334,321,Discount,13
1160,3056,481,3,174,522,522,Discount,0
1161,2872,411,2,196,392,341,Discount,51
1162,2030,423,1,112,112,32,Discount,80
1163,3054,403,4,177,708,708,Discount,0
1164,2975,487,4,143,572,572,Discount,0
1165,2514,482,2,358,716,716,Discount,0
1166,3246,405,2,305,610,572,Discount,38
1167,3244,464,1,334,334,254,Discount,80
1168,2198,405,3,252,756,724,Discount,32
1169,3330,403,3,369,1107,1059,Discount,48
1170,3484,496,3,159,477,439,Discount,38
1171,2685,445,2,388,776,745,Discount,31
1172,3280,436,1,459,459,410,Discount,49
1173,2490,454,1,371,371,299,Discount,72
1174,3496,434,3,174,522,522,Discount,0
1175,2902,434,4,375,1500,1476,Discount,24
1176,3162,487,3,230,690,621,Discount,69
1177,2884,415,4,352,1408,1378,Discount,30
1178,2704,404,3,164,492,467,Discount,25
1179,2093,448,4,226,904,894,Discount,10
1180,2701,415,1,374,374,294,Discount,80
1181,2956,438,1,144,144,129,Discount,15
1182,2358,489,3,414,1242,1231,Discount,11
1183,3014,454,3,468,1404,1330,Discount,74
1184,2577,408,1,378,378,312,Discount,66
1185,2425,457,4,346,1384,1321,Discount,63
1186,2729,467,1,229,229,229,Discount,0
1187,3439,403,3,164,492,430,Discount,62
1188,2343,414,2,415,830,778,Discount,52
1189,2468,448,4,277,1108,1030,Discount,78
1190,2315,416,4,420,1680,1618,Discount,62
1191,2707,416,3,281,843,814,Discount,29
1192,2193,409,3,182,546,507,Discount,39
1193,2071,439,1,211,211,149,Discount,62
1194,3174,407,2,414,828,771,Discount,57
1195,2259,454,4,238,952,877,Discount,75
1196,3094,486,4,381,1524,1470,Discount,54
1197,2108,421,3,211,633,580,Discount,53
1198,2865,437,3,411,1233,1153,Discount,80
1199,2905,455,4,115,460,411,Discount,49
1200,2831,414,4,419,1676,1642,Discount,34
1201,2563,429,1,353,353,278,Discount,75
1202,2172,431,4,361,1444,1367,Discount,77
1203,3198,460,1,321,321,321,Discount,0
1204,2024,405,1,434,434,374,Discount,60
1205,2922,445,1,128,128,55,Discount,73
1206,2071,497,1,123,123,106,Discount,17
1207,3050,402,1,370,370,358,Discount,12
1208,2048,407,1,166,166,148,Discount,18
1209,2413,417,4,217,868,840,Discount,28
1210,2242,410,4,332,1328,1263,Discount,65
1211,2262,490,4,261,1044,1015,Discount,29
1212,2297,459,4,239,956,946,Discount,10
1213,2023,473,3,290,870,826,Discount,44
1214,3172,443,3,472,1416,1396,Discount,20
1215,3335,403,1,219,219,161,Discount,58
1216,2792,416,1,322,322,309,Discount,13
1217,2663,428,1,405,405,405,Discount,0
1218,2846,404,3,426,1278,1266,Discount,12
1219,2261,430,3,219,657,644,Discount,13
1220,2351,456,2,353,706,701,Discount,5
1221,2215,420,3,492,1476,1456,Discount,20
1222,2976,443,1,138,138,138,Discount,0
1223,2495,412,3,174,522,465,Discount,57
1224,2218,408,3,444,1332,1300,Discount,32
1225,2142,464,2,185,370,348,Discount,22
1226,2504,425,2,335,670,627,Discount,43
1227,3000,449,4,146,584,521,Discount,63
1228,3371,413,3,417,1251,1250,Discount,1
1229,2641,417,3,141,423,423,Discount,0
1230,2055,451,4,455,1820,1746,Discount,74
1231,2123,405,3,227,681,616,Discount,65
1232,2844,483,3,367,1101,1078,Discount,23
1233,2479,420,4,274,1096,1038,Discount,58
1234,2911,424,1,358,358,344,Discount,14
1235,3244,459,2,367,734,661,Discount,73
1236,3191,446,4,199,796,731,Discount,65
1237,3288,480,4,361,1444,1411,Discount,33
1238,2785,435,1,385,385,385,Discount,0
1239,2284,438,1,448,448,433,Discount,15
1240,2192,442,3,457,1371,1371,Discount,0
1241,2463,435,4,122,488,411,Discount,77
1242,2326,490,3,220,660,619,Discount,41
1243,2080,458,4,184,736,715,Discount,21
1244,2306,471,2,173,346,288,Discount,58
1245,3250,494,4,162,648,592,Discount,56
1246,2571,465,2,213,426,354,Discount,72
1247,2750,474,3,460,1380,1331,Discount,49
1248,3452,481,3,333,999,970,Discount,29
1249,2204,482,3,360,1080,1016,Discount,64
1250,2778,427,4,430,1720,1714,Discount,6
1251,2754,499,1,280,280,263,Discount,17
1252,2824,423,3,437,1311,1281,Discount,30
1253,3380,457,4,132,528,528,Discount,0
1254,2867,425,2,486,972,959,Discount,13
1255,2279,480,4,303,1212,1168,Discount,44
1256,3095,497,2,365,730,671,Discount,59
1257,2338,409,1,197,197,121,Discount,76
1258,3270,487,3,198,594,565,Discount,29
1259,2542,414,4,410,1640,1582,Discount,58
1260,2449,410,4,185,740,716,Discount,24
1261,3324,411,2,480,960,891,Discount,69
1262,2396,416,3,160,480,472,Discount,8
1263,3337,498,2,441,882,868,Discount,14
1264,2687,499,3,440,1320,1290,Discount,30
1265,3106,456,4,471,1884,1884,Discount,0
1266,2884,410,1,467,467,448,Discount,19
1267,3439,457,1,241,241,180,Discount,61
1268,3001,451,2,185,370,296,Discount,74
1269,3104,447,3,171,513,465,Discount,48
1270,3198,459,1,486,486,415,Discount,71
1271,3455,427,1,319,319,313,Discount,6
1272,2243,419,1,143,143,134,Discount,9
1273,3499,441,3,222,666,586,Discount,80
1274,2056,488,1,155,155,100,Discount,55
1275,3263,443,2,460,920,920,Discount,0
1276,2336,466,2,141,282,258,Discount,24
1277,2623,494,2,306,612,612,Discount,0
1278,3127,471,4,137,548,470,Discount,78
1279,2975,445,3,107,321,242,Discount,79
1280,3211,415,1,432,432,399,Discount,33
1281,3308,470,4,486,1944,1867,Discount,77
1282,2582,407,4,433,1732,1671,Discount,61
1283,2058,456,4,192,768,709,Discount,59
1284,3081,480,1,143,143,124,Discount,19
1285,2844,441,4,107,428,361,Discount,67
1286,2592,479,2,103,206,148,Discount,58
1287,2228,496,3,471,1413,1346,Discount,67
1288,2343,485,3,446,1338,1318,Discount,20
1289,2901,471,3,156,468,416,Discount,52
1290,2247,425,1,169,169,153,Discount,16
1291,2784,440,3,356,1068,1042,Discount,26
1292,2364,492,3,206,618,582,Discount,36
1293,2280,444,3,217,651,614,Discount,37
1294,2971,443,3,122,366,296,Discount,70
1295,2690,448,4,405,1620,1581,Discount,39
1296,3068,437,4,121,484,458,Discount,26
1297,2583,465,1,273,273,264,Discount,9
1298,2782,403,3,443,1329,1314,Discount,15
1299,2775,457,3,317,951,944,Discount,7
1300,3270,437,4,258,1032,1029,Discount,3
1301,3021,430,1,227,227,209,Discount,18
1302,2390,407,4,160,640,570,Discount,70
1303,3397,414,1,486,486,469,Discount,17
1304,2783,425,1,224,224,182,Discount,42
1305,2085,449,2,438,876,804,Discount,72
1306,3245,467,4,106,424,424,Discount,0
1307,2243,464,3,103,309,247,Discount,62
1308,2880,497,2,239,478,422,Discount,56
1309,2065,477,2,480,960,901,Discount,59
1310,2165,473,2,258,516,462,Discount,54
1311,2677,418,3,199,597,552,Discount,45
1312,3456,483,2,293,586,512,Discount,74
1313,2738,439,3,257,771,740,Discount,31
1314,2764,415,2,142,284,219,Discount,65
1315,2376,401,4,443,1772,1772,Discount,0
1316,2964,497,4,279,1116,1051,Discount,65
1317,2407,498,1,198,198,189,Discount,9
1318,2244,493,2,292,584,522,Discount,62
1319,2722,462,2,102,204,149,Discount,55
1320,3374,419,1,383,383,313,Discount,70
1321,2263,440,3,205,615,537,Discount,78
1322,3356,461,4,338,1352,1334,Discount,18
1323,2687,478,3,450,1350,1285,Discount,65
1324,2017,450,1,129,129,83,Discount,46
1325,2716,441,3,493,1479,1479,Discount,0
1326,2220,402,4,477,1908,1851,Discount,57
1327,2627,483,2,460,920,880,Discount,40
1328,2179,461,3,355,1065,1055,Discount,10
1329,3193,437,4,313,1252,1174,Discount,78
1330,2704,429,1,347,347,278,Discount,69
1331,3206,431,2,152,304,232,Discount,72
1332,2800,413,2,357,714,714,Discount,0
1333,3102,496,2,347,694,683,Discount,11
1334,3194,446,2,317,634,609,Discount,25
1335,2388,442,3,261,783,725,Discount,58
1336,2255,403,4,323,1292,1267,Discount,25
1337,2804,412,2,275,550,487,Discount,63
1338,3238,500,4,272,1088,1055,Discount,33
1339,3436,481,3,327,981,912,Discount,69
1340,3238,488,2,293,586,586,Discount,0
1341,2990,490,2,206,412,360,Discount,52
1342,3104,442,1,360,360,312,Discount,48
1343,2940,444,2,437,874,874,Discount,0
1344,2577,447,3,386,1158,1112,Discount,46
1345,2317,401,1,183,183,166,Discount,17
1346,2679,462,3,250,750,750,Discount,0
1347,2674,434,1,326,326,263,Discount,63
1348,2451,451,3,301,903,879,Discount,24
1349,2263,421,4,320,1280,1226,Discount,54
1350,2811,448,3,141,423,352,Discount,71
1351,3304,479,4,266,1064,1058,Discount,6
1352,2626,463,2,327,654,610,Discount,44
1353,3482,435,3,495,1485,1485,Discount,0
1354,3003,471,3,283,849,844,Discount,5
1355,2919,472,2,305,610,604,Discount,6
1356,3474,433,4,151,604,555,Discount,49
1357,2473,453,2,476,952,952,Discount,0
1358,3374,435,3,306,918,857,Discount,61
1359,2417,489,4,393,1572,1492,Discount,80
1360,3397,449,4,205,820,782,Discount,38
1361,2522,470,2,116,232,232,Discount,0
1362,2769,500,2,468,936,899,Discount,37
1363,3429,484,3,278,834,830,Discount,4
1364,2444,411,4,170,680,626,Discount,54
1365,2949,494,2,138,276,232,Discount,44
1366,2632,433,1,257,257,237,Discount,20
1367,2271,469,1,485,485,411,Discount,74
1368,2053,424,4,474,1896,1828,Discount,68
1369,2786,493,4,371,1484,1438,Discount,46
1370,2302,428,3,372,1116,1076,Discount,40
1371,3165,466,2,315,630,612,Discount,18
1372,2044,481,1,340,340,270,Discount,70
1373,3295,459,4,192,768,715,Discount,53
1374,3354,491,3,253,759,743,Discount,16
1375,2550,470,4,344,1376,1315,Discount,61
1376,2759,412,2,468,936,924,Discount,12
1377,3079,432,2,490,980,927,Discount,53
1378,2956,433,4,236,944,876,Discount,68
1379,2292,463,4,229,916,908,Discount,8
1380,3167,477,4,308,1232,1232,Discount,0
1381,2518,405,4,288,1152,1126,Discount,26
1382,3500,486,3,292,876,838,Discount,38
1383,2530,453,3,363,1089,1078,Discount,11
1384,3313,445,3,345,1035,996,Discount,39
1385,2316,443,4,297,1188,1113,Discount,75
1386,2114,470,2,348,696,695,Discount,1
1387,2163,423,2,223,446,422,Discount,24
1388,3434,484,1,413,413,382,Discount,31
1389,2561,406,4,353,1412,1405,Discount,7
1390,3311,466,2,247,494,427,Discount,67
1391,2349,462,3,275,825,792,Discount,33
1392,2726,473,2,289,578,560,Discount,18
1393,2395,454,1,215,215,191,Discount,24
1394,3217,410,4,467,1868,1823,Discount,45
1395,2907,405,2,354,708,665,Discount,43
1396,2925,401,2,342,684,671,Discount,13
1397,2071,450,2,294,588,588,Discount,0
1398,3346,434,4,467,1868,1810,Discount,58
1399,2561,456,4,434,1736,1703,Discount,33
1400,2765,439,4,327,1308,1231,Discount,77
1401,3123,497,3,345,1035,997,Discount,38
1402,3354,476,1,323,323,251,Discount,72
1403,2052,434,4,232,928,855,Discount,73
1404,2395,480,1,345,345,297,Discount,48
1405,3368,461,3,216,648,588,Discount,60
1406,2009,484,4,296,1184,1160,Discount,24
1407,2642,500,3,302,906,886,Discount,20
1408,2262,417,1,478,478,438,Discount,40
1409,2299,461,2,367,734,703,Discount,31
1410,2569,472,1,159,159,159,Discount,0
1411,2179,479,3,363,1089,1022,Discount,67
1412,3120,464,2,349,698,697,Discount,1
1413,2324,438,3,500,1500,1499,Discount,1
1414,2720,479,2,134,268,204,Discount,64
1415,3132,418,1,368,368,339,Discount,29
1416,2839,468,4,216,864,810,Discount,54
1417,2380,498,2,132,264,236,Discount,28
1418,3312,483,4,350,1400,1399,Discount,1
1419,2001,481,2,176,352,352,Discount,0
1420,3059,478,3,105,315,280,Discount,35
1421,2322,484,1,359,359,290,Discount,69
1422,3244,480,1,163,163,99,Discount,64
1423,2411,451,4,109,436,389,Discount,47
1424,2920,478,2,391,782,764,Discount,18
1425,2761,500,3,238,714,664,Discount,50
1426,3194,495,1,264,264,217,Discount,47
1427,2423,416,2,494,988,978,Discount,10
1428,2900,426,4,120,480,402,Discount,78
1429,3332,420,2,212,424,393,Discount,31
1430,2401,497,3,105,315,262,Discount,53
1431,3233,499,1,416,416,369,Discount,47
1432,2290,426,1,154,154,99,Discount,55
1433,2479,438,2,124,248,209,Discount,39
1434,2651,440,4,453,1812,1749,Discount,63
1435,2299,458,2,158,316,244,Discount,72
1436,3003,442,1,281,281,263,Discount,18
1437,2181,490,4,436,1744,1723,Discount,21
1438,2581,459,2,178,356,337,Discount,19
1439,2895,434,4,101,404,384,Discount,20
1440,3224,451,1,113,113,96,Discount,17
1441,2049,453,1,339,339,269,Discount,70
1442,3383,500,2,181,362,331,Discount,31
1443,2367,464,2,193,386,343,Discount,43
1444,2629,460,1,296,296,241,Discount,55
1445,2830,421,4,267,1068,1005,Discount,63
1446,3190,488,1,111,111,73,Discount,38
1447,3443,463,2,318,636,576,Discount,60
1448,2781,450,1,354,354,333,Discount,21
1449,3207,452,3,428,1284,1269,Discount,15
1450,3361,439,3,240,720,665,Discount,55
1451,2345,440,1,320,320,314,Discount,6
1452,3463,426,2,386,772,701,Discount,71
1453,2090,438,1,323,323,317,Discount,6
1454,2654,444,4,477,1908,1838,Discount,70
1455,2035,448,1,460,460,434,Discount,26
1456,3201,448,2,255,510,480,Discount,30
1457,2282,456,3,191,573,515,Discount,58
1458,3409,439,3,106,318,247,Discount,71
1459,3496,426,1,471,471,435,Discount,36
1460,3232,405,2,106,212,150,Discount,62
1461,3111,429,4,315,1260,1239,Discount,21
1462,2429,479,1,327,327,293,Discount,34
1463,2331,493,1,260,260,213,Discount,47
1464,3388,442,2,446,892,822,Discount,70
1465,2868,408,1,118,118,106,Discount,12
1466,2229,426,4,177,708,692,Discount,16
1467,2297,426,4,287,1148,1076,Discount,72
1468,2669,433,3,107,321,275,Discount,46
1469,3158,498,2,171,342,301,Discount,41
1470,3282,420,4,499,1996,1996,Discount,0
1471,2289,404,1,215,215,186,Discount,29
1472,2493,413,2,370,740,694,Discount,46
1473,2303,426,3,143,429,413,Discount,16
1474,2609,487,2,113,226,146,Discount,80
1475,2864,437,3,354,1062,1028,Discount,34
1476,3090,482,2,245,490,424,Discount,66
1477,3098,425,2,486,972,920,Discount,52
1478,3190,466,2,234,468,416,Discount,52
1479,2906,475,4,208,832,807,Discount,25
1480,2712,424,2,404,808,797,Discount,11
1481,2255,404,2,110,220,194,Discount,26
1482,2248,428,3,175,525,481,Discount,44
1483,2351,475,4,132,528,509,Discount,19
1484,3200,416,3,202,606,527,Discount,79
1485,3388,485,1,143,143,95,Discount,48
1486,3393,464,3,104,312,297,Discount,15
1487,3497,496,1,156,156,156,Discount,0
1488,3099,465,2,447,894,851,Discount,43
1489,2916,451,2,416,832,761,Discount,71
1490,2093,450,3,492,1476,1443,Discount,33
1491,2199,487,3,175,525,491,Discount,34
1492,3067,470,3,373,1119,1062,Discount,57
1493,2220,495,1,164,164,145,Discount,19
1494,2960,427,2,173,346,266,Discount,80
1495,3407,472,3,122,366,354,Discount,12
1496,2950,480,2,494,988,927,Discount,61
1497,2293,441,4,207,828,766,Discount,62
1498,3256,467,2,400,800,734,Discount,66
1499,2120,483,1,369,369,295,Discount,74
1500,2221,475,2,363,726,720,Discount,6
1501,2226,487,3,443,1329,1251,Discount,78
1502,2344,408,1,191,191,177,Discount,14
1503,3476,411,1,399,399,324,Discount,75
1504,2800,411,1,424,424,363,Discount,61
1505,3411,453,4,351,1404,1404,Discount,0
1506,2342,415,3,185,555,481,Discount,74
1507,3228,492,2,243,486,446,Discount,40
1508,2742,488,2,189,378,336,Discount,42
1509,2938,414,1,374,374,315,Discount,59
1510,2167,492,4,233,932,932,Discount,0
1511,2165,432,2,412,824,813,Discount,11
1512,2428,404,3,129,387,377,Discount,10
1513,2405,475,3,234,702,656,Discount,46
1514,2891,495,4,140,560,494,Discount,66
1515,3266,484,2,273,546,472,Discount,74
1516,2221,500,1,278,278,221,Discount,57
1517,3163,463,4,401,1604,1586,Discount,18
1518,2649,468,2,156,312,253,Discount,59
1519,3053,495,4,305,1220,1144,Discount,76
1520,3450,402,2,301,602,599,Discount,3
1521,3221,465,4,206,824,824,Discount,0
1522,2344,454,2,286,572,524,Discount,48
1523,3069,463,1,135,135,56,Discount,79
1524,3377,405,4,157,628,621,Discount,7
1525,2748,401,3,325,975,966,Discount,9
1526,3178,420,3,214,642,602,Discount,40
1527,3240,496,2,172,344,292,Discount,52
1528,3487,449,3,311,933,920,Discount,13
1529,3181,418,2,449,898,871,Discount,27
1530,2333,491,1,204,204,164,Discount,40
1531,3269,476,1,101,101,78,Discount,23
1532,2624,413,3,495,1485,1484,Discount,1
1533,2776,472,3,256,768,727,Discount,41
1534,2832,437,3,224,672,661,Discount,11
1535,3281,445,1,225,225,173,Discount,52
1536,3115,455,1,234,234,220,Discount,14
1537,2255,425,1,109,109,101,Discount,8
1538,2892,410,4,287,1148,1098,Discount,50
1539,2991,476,3,383,1149,1098,Discount,51
1540,2783,442,2,167,334,334,Discount,0
1541,2501,460,2,452,904,866,Discount,38
1542,2828,466,2,212,424,406,Discount,18
1543,2949,477,3,223,669,592,Discount,77
1544,2956,500,4,448,1792,1792,Discount,0
1545,3463,472,4,494,1976,1907,Discount,69
1546,3499,467,4,424,1696,1661,Discount,35
1547,2507,480,4,168,672,655,Discount,17
1548,2526,449,1,344,344,344,Discount,0
1549,2640,408,1,367,367,320,Discount,47
1550,3154,401,3,202,606,550,Discount,56
1551,2569,439,4,477,1908,1841,Discount,67
1552,3049,480,4,259,1036,994,Discount,42
1553,2197,469,3,152,456,405,Discount,51
1554,2039,468,2,138,276,236,Discount,40
1555,3105,480,2,368,736,727,Discount,9
1556,2850,448,4,110,440,402,Discount,38
1557,2286,411,1,499,499,463,Discount,36
1558,2786,474,4,288,1152,1136,Discount,16
1559,2002,455,2,373,746,735,Discount,11
1560,3333,496,3,108,324,324,Discount,0
1561,2565,403,2,220,440,383,Discount,57
1562,2455,450,1,249,249,215,Discount,34
1563,3309,434,3,126,378,308,Discount,70
1564,2891,466,3,127,381,322,Discount,59
1565,3043,481,1,261,261,250,Discount,11
1566,2967,465,2,208,416,395,Discount,21
1567,2557,453,3,241,723,647,Discount,76
1568,2025,476,4,223,892,892,Discount,0
1569,2489,484,3,423,1269,1242,Discount,27
1570,2968,424,1,363,363,299,Discount,64
1571,3311,451,2,140,280,210,Discount,70
1572,2514,419,2,397,794,771,Discount,23
1573,3145,456,2,275,550,501,Discount,49
1574,3411,409,4,404,1616,1542,Discount,74
1575,2460,408,4,223,892,892,Discount,0
1576,2020,499,1,139,139,139,Discount,0
1577,2628,494,4,374,1496,1492,Discount,4
1578,2518,468,1,320,320,268,Discount,52
1579,2807,476,2,153,306,230,Discount,76
1580,3198,485,1,337,337,267,Discount,70
1581,2303,402,4,234,936,870,Discount,66
1582,3015,497,4,392,1568,1544,Discount,24
1583,2614,437,2,345,690,628,Discount,62
1584,2236,494,1,458,458,415,Discount,43
1585,3208,484,2,316,632,630,Discount,2
1586,2004,414,4,469,1876,1837,Discount,39
1587,2712,434,1,401,401,353,Discount,48
1588,2533,447,1,102,102,90,Discount,12
1589,2220,471,4,359,1436,1396,Discount,40
1590,3150,439,4,121,484,484,Discount,0
1591,2810,429,4,351,1404,1365,Discount,39
1592,2485,428,4,494,1976,1976,Discount,0
1593,2333,468,1,425,425,399,Discount,26
1594,2570,412,3,492,1476,1476,Discount,0
1595,2548,445,2,236,472,460,Discount,12
1596,2186,475,2,178,356,354,Discount,2
1597,2894,465,3,490,1470,1395,Discount,75
1598,2696,453,2,363,726,689,Discount,37
1599,2938,432,1,252,252,244,Discount,8
1600,3119,462,4,214,856,813,Discount,43
1601,2079,434,1,258,258,193,Discount,65
1602,2228,430,1,199,199,199,Discount,0
1603,2835,424,3,144,432,390,Discount,42
1604,2366,467,4,354,1416,1405,Discount,11
1605,2618,476,4,334,1336,1303,Discount,33
1606,2165,463,4,336,1344,1275,Discount,69
1607,3111,474,4,200,800,787,Discount,13
1608,2257,460,2,352,704,634,Discount,70
1609,2014,431,3,209,627,549,Discount,78
1610,3285,478,1,442,442,442,Discount,0
1611,2618,406,4,216,864,797,Discount,67
1612,3361,466,3,496,1488,1428,Discount,60
1613,3128,491,4,459,1836,1811,Discount,25
1614,2323,429,1,278,278,243,Discount,35
1615,3285,415,2,283,566,556,Discount,10
1616,3335,493,1,173,173,102,Discount,71
1617,2809,458,2,306,612,562,Discount,50
1618,3220,482,2,300,600,537,Discount,63
1619,2755,479,3,106,318,312,Discount,6
1620,2272,444,1,313,313,299,Discount,14
1621,3176,458,1,431,431,431,Discount,0
1622,3256,472,2,187,374,371,Discount,3
1623,2015,433,2,327,654,582,Discount,72
1624,3389,406,2,331,662,645,Discount,17
1625,3354,457,3,118,354,307,Discount,47
1626,2534,489,3,271,813,813,Discount,0
1627,2010,440,2,125,250,221,Discount,29
1628,2625,411,2,266,532,500,Discount,32
1629,3098,446,4,293,1172,1094,Discount,78
1630,2998,499,2,403,806,751,Discount,55
1631,2720,426,2,153,306,258,Discount,48
1632,2141,440,3,159,477,426,Discount,51
1633,3403,430,2,332,664,609,Discount,55
1634,2804,469,3,176,528,519,Discount,9
1635,3191,435,3,406,1218,1193,Discount,25
1636,3407,409,2,235,470,425,Discount,45
1637,2024,407,1,488,488,464,Discount,24
1638,2192,416,1,232,232,166,Discount,66
1639,2025,431,4,483,1932,1927,Discount,5
1640,2409,405,3,416,1248,1177,Discount,71
1641,2321,455,3,493,1479,1413,Discount,66
1642,3008,401,1,241,241,223,Discount,18
1643,2431,483,3,147,441,424,Discount,17
1644,3342,414,3,272,816,793,Discount,23
1645,2783,445,1,426,426,352,Discount,74
1646,2209,455,4,243,972,953,Discount,19
1647,2030,491,1,415,415,411,Discount,4
1648,2071,443,3,189,567,523,Discount,44
1649,2001,447,2,302,604,604,Discount,0
1650,2794,441,3,307,921,882,Discount,39
1651,2616,465,1,160,160,111,Discount,49
1652,3398,471,3,250,750,731,Discount,19
1653,3131,461,2,152,304,271,Discount,33
1654,2368,494,1,373,373,347,Discount,26
1655,2605,482,3,467,1401,1381,Discount,20
1656,2838,484,1,328,328,306,Discount,22
1657,2965,435,2,344,688,610,Discount,78
1658,2317,429,3,195,585,529,Discount,56
1659,2544,436,3,199,597,594,Discount,3
1660,2278,444,1,477,477,420,Discount,57
1661,3326,416,1,301,301,296,Discount,5
1662,2697,447,4,381,1524,1449,Discount,75
1663,3133,484,2,178,356,356,Discount,0
1664,2857,460,2,138,276,276,Discount,0
1665,2664,493,2,367,734,689,Discount,45
1666,2701,418,1,391,391,362,Discount,29
1667,3085,421,4,425,1700,1695,Discount,5
1668,2266,469,1,419,419,405,Discount,14
1669,2973,422,1,434,434,404,Discount,30
1670,2568,443,1,307,307,303,Discount,4
1671,2951,477,4,204,816,736,Discount,80
1672,2685,492,2,273,546,546,Discount,0
1673,2085,405,4,450,1800,1778,Discount,22
1674,3292,460,4,370,1480,1435,Discount,45
1675,2300,455,2,460,920,920,Discount,0
1676,2651,462,1,295,295,273,Discount,22
1677,2388,437,2,461,922,920,Discount,2
1678,2619,406,4,163,652,601,Discount,51
1679,2895,457,3,402,1206,1129,Discount,77
1680,2520,492,1,169,169,145,Discount,24
1681,3097,429,4,309,1236,1235,Discount,1
1682,3027,443,2,170,340,310,Discount,30
1683,2179,435,3,268,804,738,Discount,66
1684,3490,428,4,148,592,512,Discount,80
1685,2403,466,2,382,764,740,Discount,24
1686,2700,415,3,160,480,480,Discount,0
1687,2352,406,4,123,492,425,Discount,67
1688,3402,480,2,189,378,353,Discount,25
1689,3421,457,4,315,1260,1260,Discount,0
1690,3269,486,4,405,1620,1543,Discount,77
1691,2876,408,3,144,432,427,Discount,5
1692,2768,429,4,473,1892,1827,Discount,65
1693,2586,450,3,483,1449,1385,Discount,64
1694,3199,460,1,329,329,288,Discount,41
1695,3180,424,3,354,1062,1044,Discount,18
1696,2664,486,3,439,1317,1262,Discount,55
1697,2297,469,3,369,1107,1103,Discount,4
1698,2377,493,4,360,1440,1427,Discount,13
1699,2825,426,3,308,924,875,Discount,49
1700,3198,441,2,486,972,956,Discount,16
1701,2630,409,2,280,560,560,Discount,0
1702,2218,483,1,226,226,226,Discount,0
1703,3180,466,4,181,724,715,Discount,9
1704,2462,452,4,184,736,668,Discount,68
1705,3480,463,4,308,1232,1196,Discount,36
1706,2593,486,1,194,194,149,Discount,45
1707,2696,500,2,208,416,361,Discount,55
1708,2076,442,1,258,258,254,Discount,4
1709,3356,450,3,378,1134,1107,Discount,27
1710,2068,448,3,307,921,921,Discount,0
1711,3343,461,1,360,360,347,Discount,13
1712,2639,488,4,303,1212,1150,Discount,62
1713,2141,416,4,407,1628,1615,Discount,13
1714,3292,445,1,278,278,243,Discount,35
1715,3050,488,1,160,160,104,Discount,56
1716,2186,482,4,418,1672,1610,Discount,62
1717,2870,402,2,136,272,221,Discount,51
1718,2223,445,3,442,1326,1298,Discount,28
1719,2008,486,3,396,1188,1116,Discount,72
1720,2340,431,4,352,1408,1403,Discount,5
1721,3110,429,3,456,1368,1315,Discount,53
1722,2244,445,3,115,345,278,Discount,67
1723,2085,476,3,311,933,886,Discount,47
1724,2283,410,4,204,816,752,Discount,64
1725,2989,413,4,171,684,673,Discount,11
1726,2726,481,4,305,1220,1154,Discount,66
1727,3188,452,2,104,208,147,Discount,61
1728,2640,494,4,439,1756,1722,Discount,34
1729,2775,467,2,410,820,809,Discount,11
1730,2411,485,4,141,564,533,Discount,31
1731,2242,494,4,436,1744,1666,Discount,78
1732,2661,476,1,196,196,168,Discount,28
1733,3343,457,1,151,151,148,Discount,3
1734,2979,483,4,128,512,437,Discount,75
1735,2849,467,3,496,1488,1461,Discount,27
1736,3020,419,2,331,662,644,Discount,18
1737,2526,407,2,241,482,429,Discount,53
1738,3255,474,3,146,438,370,Discount,68
1739,3020,429,3,398,1194,1151,Discount,43
1740,2078,434,1,219,219,157,Discount,62
1741,3053,473,1,236,236,226,Discount,10
1742,2292,497,1,189,189,171,Discount,18
1743,2178,424,3,223,669,614,Discount,55
1744,2726,484,1,473,473,458,Discount,15
1745,2989,415,3,179,537,472,Discount,65
1746,2065,488,1,337,337,337,Discount,0
1747,2478,447,3,347,1041,995,Discount,46
1748,2700,431,3,283,849,780,Discount,69
1749,2699,472,2,120,240,220,Discount,20
1750,2312,442,4,290,1160,1115,Discount,45
1751,2402,404,4,374,1496,1490,Discount,6
1752,2599,447,4,318,1272,1242,Discount,30
1753,3120,407,4,457,1828,1769,Discount,59
1754,2896,437,3,353,1059,1059,Discount,0
1755,2567,427,4,165,660,658,Discount,2
1756,2421,476,2,452,904,891,Discount,13
1757,2323,455,3,170,510,492,Discount,18
1758,2882,425,2,251,502,479,Discount,23
1759,2842,461,1,214,214,155,Discount,59
1760,2099,441,2,375,750,750,Discount,0
1761,3203,444,1,295,295,232,Discount,63
1762,3376,408,3,165,495,445,Discount,50
1763,2726,404,4,145,580,549,Discount,31
1764,2257,467,3,341,1023,990,Discount,33
1765,2407,452,2,116,232,154,Discount,78
1766,2890,469,2,141,282,282,Discount,0
1767,2480,485,1,331,331,273,Discount,58
1768,2552,494,2,321,642,628,Discount,14
1769,3317,431,2,416,832,792,Discount,40
1770,2872,474,4,238,952,873,Discount,79
1771,2679,487,4,403,1612,1534,Discount,78
1772,2710,425,3,433,1299,1257,Discount,42
1773,3276,421,4,137,548,532,Discount,16
1774,3428,430,4,172,688,611,Discount,77
1775,2541,488,1,222,222,171,Discount,51
1776,3275,437,1,395,395,349,Discount,46
1777,2624,404,3,410,1230,1192,Discount,38
1778,2300,406,4,242,968,900,Discount,68
1779,2946,405,4,452,1808,1753,Discount,55
1780,2823,402,3,150,450,411,Discount,39
1781,3417,454,3,434,1302,1297,Discount,5
1782,2775,453,3,320,960,960,Discount,0
1783,3364,458,2,372,744,664,Discount,80
1784,2103,459,1,357,357,306,Discount,51
1785,3102,481,4,426,1704,1658,Discount,46
1786,2782,436,4,391,1564,1537,Discount,27
1787,2785,477,4,163,652,652,Discount,0
1788,3074,410,3,174,522,485,Discount,37
1789,3087,428,2,138,276,202,Discount,74
1790,3320,465,3,286,858,852,Discount,6
1791,3335,412,4,417,1668,1599,Discount,69
1792,2847,428,2,149,298,244,Discount,54
1793,3151,433,3,155,465,440,Discount,25
1794,3270,415,2,389,778,732,Discount,46
1795,3051,415,2,392,784,759,Discount,25
1796,2127,480,4,252,1008,936,Discount,72
1797,2908,424,4,165,660,610,Discount,50
1798,3267,477,1,396,396,332,Discount,64
1799,3238,418,4,180,720,640,Discount,80
1800,3183,416,1,311,311,274,Discount,37
1801,2851,481,2,104,208,198,Discount,10
1802,2299,454,2,366,732,664,Discount,68
1803,3261,434,3,450,1350,1313,Discount,37
1804,3273,485,1,449,449,406,Discount,43
1805,2086,401,1,394,394,317,Discount,77
1806,2926,458,1,405,405,368,Discount,37
1807,3117,439,4,202,808,768,Discount,40
1808,3402,445,1,436,436,436,Discount,0
1809,2733,418,1,111,111,50,Discount,61
1810,2633,494,2,350,700,651,Discount,49
1811,2138,470,2,292,584,530,Discount,54
1812,2671,492,4,414,1656,1583,Discount,73
1813,2191,405,2,308,616,573,Discount,43
1814,2910,437,4,147,588,538,Discount,50
1815,3102,472,2,361,722,722,Discount,0
1816,2381,434,4,286,1144,1120,Discount,24
1817,2162,411,3,128,384,345,Discount,39
1818,2109,403,3,185,555,501,Discount,54
1819,2009,408,3,108,324,311,Discount,13
1820,3414,462,2,461,922,859,Discount,63
1821,2887,406,1,325,325,306,Discount,19
1822,2133,468,4,454,1816,1765,Discount,51
1823,2536,473,3,153,459,388,Discount,71
1824,2624,462,2,153,306,284,Discount,22
1825,2232,428,3,419,1257,1243,Discount,14
1826,3496,427,4,327,1308,1272,Discount,36
1827,2980,455,4,407,1628,1592,Discount,36
1828,3299,471,2,264,528,495,Discount,33
1829,3332,474,4,268,1072,1072,Discount,0
1830,2243,406,1,339,339,323,Discount,16
1831,3077,476,3,139,417,417,Discount,0
1832,3209,445,3,256,768,695,Discount,73
1833,3395,447,4,208,832,758,Discount,74
1834,2970,437,4,250,1000,1000,Discount,0
1835,2804,464,3,193,579,530,Discount,49
1836,2634,406,4,484,1936,1904,Discount,32
1837,2423,451,1,156,156,151,Discount,5
1838,2124,487,4,459,1836,1767,Discount,69
1839,3221,470,1,139,139,95,Discount,44
1840,2732,406,2,427,854,777,Discount,77
1841,2179,446,3,158,474,420,Discount,54
1842,2815,472,4,124,496,474,Discount,22
1843,2881,468,2,182,364,354,Discount,10
1844,3041,415,1,271,271,254,Discount,17
1845,3126,497,4,347,1388,1342,Discount,46
1846,2267,414,1,193,193,123,Discount,70
1847,2564,462,1,311,311,311,Discount,0
1848,3346,457,2,316,632,621,Discount,11
1849,2774,445,4,204,816,752,Discount,64
1850,2503,497,4,204,816,816,Discount,0
1851,3369,487,1,111,111,96,Discount,15
1852,2614,468,3,194,582,570,Discount,12
1853,2155,417,2,406,812,779,Discount,33
1854,2876,494,4,376,1504,1500,Discount,4
1855,2144,443,4,201,804,787,Discount,17
1856,2813,420,3,467,1401,1369,Discount,32
1857,3230,442,1,431,431,431,Discount,0
1858,2810,486,1,217,217,185,Discount,32
1859,2533,493,1,458,458,438,Discount,20
1860,2991,490,4,389,1556,1478,Discount,78
1861,2613,424,2,346,692,676,Discount,16
1862,2189,490,2,217,434,434,Discount,0
1863,2108,496,4,119,476,464,Discount,12
1864,3080,407,2,434,868,865,Discount,3
1865,2676,453,4,226,904,903,Discount,1
1866,2116,413,3,442,1326,1325,Discount,1
1867,2082,413,3,130,390,365,Discount,25
1868,3482,420,1,153,153,117,Discount,36
1869,2252,470,3,410,1230,1198,Discount,32
1870,3418,451,2,218,436,372,Discount,64
1871,2179,409,3,491,1473,1445,Discount,28
1872,2960,407,2,176,352,317,Discount,35
1873,2665,460,4,421,1684,1614,Discount,70
1874,2714,426,4,277,1108,1084,Discount,24
1875,3411,402,2,454,908,844,Discount,64
1876,3364,423,2,340,680,619,Discount,61
1877,2764,402,1,116,116,116,Discount,0
1878,2710,428,4,380,1520,1520,Discount,0
1879,3311,459,4,447,1788,1776,Discount,12
1880,2390,428,2,438,876,852,Discount,24
1881,3280,407,1,419,419,360,Discount,59
1882,2582,487,3,484,1452,1445,Discount,7
1883,2389,492,4,275,1100,1084,Discount,16
1884,2609,408,4,269,1076,1058,Discount,18
1885,3403,431,1,389,389,343,Discount,46
1886,2858,496,2,370,740,716,Discount,24
1887,2328,401,3,145,435,425,Discount,10
1888,2007,471,2,158,316,281,Discount,35
1889,3323,493,3,464,1392,1365,Discount,27
1890,3483,496,3,314,942,887,Discount,55
1891,2015,424,1,215,215,151,Discount,64
1892,2962,441,3,338,1014,1011,Discount,3
1893,3486,446,1,264,264,193,Discount,71
1894,3122,412,4,276,1104,1067,Discount,37
1895,3173,411,1,148,148,134,Discount,14
1896,3249,466,1,461,461,413,Discount,48
1897,3401,440,1,178,178,160,Discount,18
1898,3371,493,4,172,688,662,Discount,26
1899,2813,410,4,485,1940,1878,Discount,62
1900,2904,451,3,487,1461,1421,Discount,40
1901,2004,416,1,338,338,303,Discount,35
1902,2874,418,2,499,998,964,Discount,34
1903,3487,419,1,154,154,119,Discount,35
1904,2342,437,2,311,622,600,Discount,22
1905,2762,403,4,290,1160,1111,Discount,49
1906,2302,434,1,283,283,223,Discount,60
1907,3317,467,4,359,1436,1419,Discount,17
1908,3356,404,4,383,1532,1532,Discount,0
1909,3387,441,2,198,396,377,Discount,19
1910,3227,440,1,486,486,460,Discount,26
1911,2818,419,3,190,570,552,Discount,18
1912,2323,482,2,283,566,545,Discount,21
1913,2643,486,1,236,236,179,Discount,57
1914,3201,435,1,136,136,82,Discount,54
1915,3389,476,2,486,972,972,Discount,0
1916,2778,456,1,346,346,283,Discount,63
1917,3493,460,1,201,201,147,Discount,54
1918,3215,430,4,238,952,940,Discount,12
1919,3117,427,4,244,976,912,Discount,64
1920,2400,486,3,259,777,772,Discount,5
1921,2349,485,2,391,782,782,Discount,0
1922,3266,430,3,449,1347,1335,Discount,12
1923,2575,422,1,441,441,417,Discount,24
1924,2107,475,3,224,672,672,Discount,0
1925,2739,411,1,207,207,148,Discount,59
1926,3357,432,3,116,348,280,Discount,68
1927,3305,402,4,111,444,376,Discount,68
1928,2064,483,2,306,612,536,Discount,76
1929,2244,490,3,264,792,712,Discount,80
1930,2635,438,4,416,1664,1627,Discount,37
1931,3365,422,1,433,433,432,Discount,1
1932,2369,451,4,420,1680,1677,Discount,3
1933,3115,448,4,410,1640,1625,Discount,15
1934,2726,484,1,463,463,405,Discount,58
1935,2209,499,4,161,644,610,Discount,34
1936,3219,486,4,241,964,926,Discount,38
1937,2651,495,4,288,1152,1127,Discount,25
1938,2870,406,3,297,891,834,Discount,57
1939,2052,475,2,227,454,386,Discount,68
1940,2555,498,1,144,144,137,Discount,7
1941,3120,479,3,243,729,653,Discount,76
1942,2086,488,3,200,600,586,Discount,14
1943,2887,402,3,449,1347,1281,Discount,66
1944,2204,441,3,229,687,637,Discount,50
1945,3334,499,1,490,490,490,Discount,0
1946,2372,421,4,347,1388,1323,Discount,65
1947,3489,431,2,416,832,832,Discount,0
1948,3140,463,1,404,404,359,Discount,45
1949,3395,480,3,351,1053,982,Discount,71
1950,2562,443,1,496,496,464,Discount,32
1951,3466,497,2,326,652,652,Discount,0
1952,2597,494,1,146,146,146,Discount,0
1953,2519,456,2,214,428,405,Discount,23
1954,3047,432,1,397,397,350,Discount,47
1955,3471,488,2,336,672,666,Discount,6
1956,2549,500,2,345,690,663,Discount,27
1957,2271,406,4,306,1224,1224,Discount,0
1958,2428,423,2,106,212,166,Discount,46
1959,2025,405,1,115,115,58,Discount,57
1960,2118,433,1,200,200,161,Discount,39
1961,2015,427,2,412,824,777,Discount,47
1962,2001,465,2,115,230,230,Discount,0
1963,3209,435,1,383,383,376,Discount,7
1964,2237,424,1,344,344,288,Discount,56
1965,2818,460,4,127,508,503,Discount,5
1966,2452,415,4,239,956,897,Discount,59
1967,3462,493,4,150,600,522,Discount,78
1968,2577,443,2,115,230,158,Discount,72
1969,2782,440,4,363,1452,1425,Discount,27
1970,3149,432,3,123,369,313,Discount,56
1971,2754,449,3,106,318,313,Discount,5
1972,2491,433,4,428,1712,1712,Discount,0
1973,2651,449,2,226,452,388,Discount,64
1974,3116,491,1,464,464,405,Discount,59
1975,2498,469,1,459,459,442,Discount,17
1976,2941,467,3,289,867,842,Discount,25
1977,2623,487,3,423,1269,1213,Discount,56
1978,2047,455,2,356,712,659,Discount,53
1979,2673,472,2,273,546,522,Discount,24
1980,3274,462,3,444,1332,1269,Discount,63
1981,2144,406,1,410,410,379,Discount,31
1982,2961,472,4,316,1264,1222,Discount,42
1983,3045,421,2,326,652,648,Discount,4
1984,3436,418,2,379,758,684,Discount,74
1985,3160,497,1,171,171,102,Discount,69
1986,2485,477,2,109,218,218,Discount,0
1987,2424,436,2,394,788,787,Discount,1
1988,3352,431,2,124,248,233,Discount,15
1989,3032,419,2,453,906,834,Discount,72
1990,2517,475,3,461,1383,1372,Discount,11
1991,2581,422,2,500,1000,946,Discount,54
1992,2196,457,2,441,882,848,Discount,34
1993,2149,402,4,230,920,880,Discount,40
1994,3410,449,4,259,1036,978,Discount,58
1995,3124,453,3,483,1449,1438,Discount,11
1996,2772,485,1,395,395,376,Discount,19
1997,3466,413,1,241,241,214,Discount,27
1998,3403,478,3,454,1362,1300,Discount,62
1999,2465,403,4,459,1836,1823,Discount,13
2000,3498,480,1,482,482,464,Discount,18
2001,2527,467,4,169,676,668,Discount,8
2002,2650,490,4,293,1172,1151,Discount,21
2003,2443,455,3,490,1470,1459,Discount,11
2004,2302,499,4,117,468,425,Discount,43
2005,3347,460,2,221,442,418,Discount,24
2006,3364,451,3,284,852,852,Discount,0
2007,3314,429,4,351,1404,1402,Discount,2
2008,2102,481,2,452,904,899,Discount,5
2009,2843,491,2,378,756,698,Discount,58
2010,2779,472,4,170,680,680,Discount,0
2011,2005,420,2,259,518,456,Discount,62
2012,2965,493,1,335,335,255,Discount,80
2013,2675,487,4,112,448,395,Discount,53
2014,2177,457,1,302,302,261,Discount,41
2015,3267,492,4,472,1888,1888,Discount,0
2016,2618,498,2,404,808,733,Discount,75
2017,2308,430,1,300,300,300,Discount,0
2018,3352,488,1,374,374,334,Discount,40
2019,3208,494,2,392,784,715,Discount,69
2020,2151,471,2,275,550,543,Discount,7
2021,3279,430,1,242,242,222,Discount,20
2022,2591,456,4,479,1916,1853,Discount,63
2023,2033,447,3,187,561,553,Discount,8
2024,2245,414,2,203,406,406,Discount,0
2025,2826,415,2,121,242,232,Discount,10
2026,2738,407,4,332,1328,1322,Discount,6
2027,3073,449,2,231,462,457,Discount,5
2028,2859,463,1,433,433,414,Discount,19
2029,2817,457,3,234,702,647,Discount,55
2030,3395,411,1,362,362,362,Discount,0
2031,3074,413,3,386,1158,1095,Discount,63
2032,2969,498,4,356,1424,1348,Discount,76
2033,2302,491,1,227,227,168,Discount,59
2034,2026,441,3,264,792,792,Discount,0
2035,2890,441,1,302,302,302,Discount,0
2036,3022,447,4,319,1276,1238,Discount,38
2037,2047,496,2,334,668,618,Discount,50
2038,3167,447,4,281,1124,1088,Discount,36
2039,2926,471,1,198,198,140,Discount,58
2040,2111,402,2,465,930,868,Discount,62
2041,3324,454,3,445,1335,1279,Discount,56
2042,2339,497,1,193,193,136,Discount,57
2043,2349,432,2,206,412,384,Discount,28
2044,3044,465,2,159,318,260,Discount,58
2045,3256,487,2,249,498,498,Discount,0
2046,3306,421,3,332,996,957,Discount,39
2047,2034,428,3,308,924,919,Discount,5
2048,2636,430,1,377,377,328,Discount,49
2049,2498,424,4,411,1644,1587,Discount,57
2050,2015,497,1,104,104,75,Discount,29
2051,3217,462,4,466,1864,1864,Discount,0
2052,3270,482,2,415,830,823,Discount,7
2053,3103,465,3,253,759,748,Discount,11
2054,2786,427,1,130,130,107,Discount,23
2055,2609,496,4,322,1288,1278,Discount,10
2056,3214,408,2,182,364,348,Discount,16
2057,2181,424,4,105,420,382,Discount,38
2058,2997,486,2,376,752,752,Discount,0
2059,2925,491,2,152,304,287,Discount,17
2060,2952,464,1,142,142,122,Discount,20
2061,2607,404,4,306,1224,1217,Discount,7
2062,3421,415,3,448,1344,1321,Discount,23
2063,2836,443,4,144,576,526,Discount,50
2064,2551,435,3,469,1407,1370,Discount,37
2065,2206,434,3,444,1332,1332,Discount,0
2066,3015,464,1,272,272,231,Discount,41
2067,2229,443,2,236,472,472,Discount,0
2068,3461,416,4,353,1412,1344,Discount,68
2069,2624,476,2,354,708,695,Discount,13
2070,2904,440,1,169,169,148,Discount,21
2071,3415,478,1,497,497,462,Discount,35
2072,3384,425,4,191,764,764,Discount,0
2073,2372,476,3,285,855,777,Discount,78
2074,3153,441,4,121,484,483,Discount,1
2075,3390,484,1,491,491,456,Discount,35
2076,3383,452,1,322,322,265,Discount,57
2077,3109,446,1,227,227,159,Discount,68
2078,3382,406,2,307,614,553,Discount,61
2079,2491,479,1,291,291,255,Discount,36
2080,3234,482,4,177,708,652,Discount,56
2081,3080,420,1,390,390,359,Discount,31
2082,3114,486,2,338,676,659,Discount,17
2083,3018,482,2,342,684,625,Discount,59
2084,2432,429,4,241,964,964,Discount,0
2085,2605,482,1,361,361,307,Discount,54
2086,3208,463,4,236,944,901,Discount,43
2087,3173,481,2,416,832,753,Discount,79
2088,3032,405,4,132,528,479,Discount,49
2089,2958,425,2,181,362,330,Discount,32
2090,2187,416,4,441,1764,1720,Discount,44
2091,2918,419,2,385,770,745,Discount,25
2092,2308,489,2,475,950,871,Discount,79
2093,2101,422,1,341,341,278,Discount,63
2094,2389,496,3,102,306,258,Discount,48
2095,2528,476,4,264,1056,1028,Discount,28
2096,2352,430,1,453,453,423,Discount,30
2097,2813,460,1,473,473,427,Discount,46
2098,3041,441,1,464,464,427,Discount,37
2099,2012,462,2,327,654,647,Discount,7
2100,2413,432,4,251,1004,1004,Discount,0
2101,2465,435,2,341,682,682,Discount,0
2102,2473,488,4,433,1732,1678,Discount,54
2103,2895,429,2,296,592,562,Discount,30
2104,2299,497,1,342,342,269,Discount,73
2105,2120,483,2,437,874,850,Discount,24
2106,2041,424,1,468,468,442,Discount,26
2107,2424,470,4,286,1144,1133,Discount,11
2108,2182,436,3,216,648,607,Discount,41
2109,2205,436,3,402,1206,1153,Discount,53
2110,2953,489,4,363,1452,1410,Discount,42
2111,2173,427,1,337,337,337,Discount,0
2112,2427,442,4,498,1992,1974,Discount,18
2113,2653,460,1,146,146,100,Discount,46
2114,2911,412,2,154,308,280,Discount,28
2115,2197,442,3,244,732,732,Discount,0
2116,3013,458,1,322,322,292,Discount,30
2117,2636,426,3,471,1413,1344,Discount,69
2118,3231,407,1,164,164,144,Discount,20
2119,2675,496,1,246,246,246,Discount,0
2120,2500,419,1,192,192,131,Discount,61
2121,2814,493,3,172,516,481,Discount,35
2122,2779,473,2,336,672,630,Discount,42
2123,3406,412,2,430,860,827,Discount,33
2124,3084,444,3,445,1335,1288,Discount,47
2125,2109,444,4,133,532,515,Discount,17
2126,3100,498,2,485,970,928,Discount,42
2127,2971,475,4,198,792,762,Discount,30
2128,2169,485,3,265,795,754,Discount,41
2129,3098,476,1,423,423,406,Discount,17
2130,2710,465,2,475,950,914,Discount,36
2131,2697,471,4,132,528,514,Discount,14
2132,3420,463,4,250,1000,926,Discount,74
2133,2710,435,1,369,369,319,Discount,50
2134,2907,431,3,358,1074,1069,Discount,5
2135,2180,437,3,405,1215,1169,Discount,46
2136,2863,435,3,125,375,332,Discount,43
2137,2469,404,1,253,253,225,Discount,28
2138,2218,421,3,230,690,667,Discount,23
2139,3218,498,1,162,162,158,Discount,4
2140,2314,445,2,466,932,887,Discount,45
2141,2128,444,3,264,792,744,Discount,48
2142,3259,471,1,262,262,229,Discount,33
2143,3126,461,4,468,1872,1869,Discount,3
2144,2097,474,3,459,1377,1339,Discount,38
2145,2176,487,1,233,233,199,Discount,34
2146,2867,493,1,399,399,331,Discount,68
2147,3009,436,2,153,306,289,Discount,17
2148,2286,451,1,423,423,369,Discount,54
2149,3360,417,4,305,1220,1142,Discount,78
2150,2372,487,4,450,1800,1800,Discount,0
2151,2547,434,4,346,1384,1316,Discount,68
2152,3470,456,1,243,243,173,Discount,70
2153,2259,414,4,266,1064,1029,Discount,35
2154,2122,450,1,418,418,385,Discount,33
2155,3265,476,4,496,1984,1916,Discount,68
2156,3440,484,4,286,1144,1103,Discount,41
2157,3160,426,4,247,988,982,Discount,6
2158,2623,441,2,403,806,729,Discount,77
2159,2769,406,3,183,549,546,Discount,3
2160,2671,441,2,203,406,400,Discount,6
2161,2586,485,1,147,147,124,Discount,23
2162,2366,496,3,119,357,351,Discount,6
2163,2030,473,1,442,442,401,Discount,41
2164,3249,431,2,324,648,627,Discount,21
2165,2002,453,4,101,404,359,Discount,45
2166,2827,428,1,431,431,413,Discount,18
2167,2087,485,3,141,423,391,Discount,32
2168,2169,434,4,263,1052,1011,Discount,41
2169,2867,492,2,226,452,401,Discount,51
2170,2846,492,3,210,630,573,Discount,57
2171,2687,436,2,434,868,795,Discount,73
2172,2269,435,2,229,458,458,Discount,0
2173,2827,431,3,464,1392,1368,Discount,24
2174,2908,424,2,224,448,448,Discount,0
2175,2381,417,1,143,143,70,Discount,73
2176,2978,423,1,193,193,136,Discount,57
2177,2593,425,1,332,332,281,Discount,51
2178,2109,474,2,328,656,621,Discount,35
2179,3301,461,4,159,636,556,Discount,80
2180,2259,426,4,392,1568,1531,Discount,37
2181,2193,486,4,102,408,372,Discount,36
2182,2850,434,3,120,360,282,Discount,78
2183,3333,485,4,137,548,477,Discount,71
2184,2853,452,3,148,444,431,Discount,13
2185,2464,500,3,154,462,435,Discount,27
2186,3483,460,2,408,816,788,Discount,28
2187,2747,401,1,439,439,380,Discount,59
2188,3098,412,2,414,828,792,Discount,36
2189,3419,407,1,126,126,118,Discount,8
2190,3429,402,1,208,208,170,Discount,38
2191,2503,401,4,181,724,695,Discount,29
2192,2798,475,1,345,345,345,Discount,0
2193,2035,460,3,177,531,473,Discount,58
2194,3419,412,4,453,1812,1736,Discount,76
2195,2353,427,3,444,1332,1264,Discount,68
2196,3415,488,3,247,741,676,Discount,65
2197,2365,480,3,318,954,880,Discount,74
2198,3129,450,2,395,790,775,Discount,15
2199,2442,402,1,395,395,366,Discount,29
2200,3493,443,3,376,1128,1119,Discount,9
2201,2013,413,4,146,584,577,Discount,7
2202,3362,482,3,496,1488,1432,Discount,56
2203,3142,457,2,473,946,890,Discount,56
2204,2383,436,4,222,888,872,Discount,16
2205,2469,468,4,418,1672,1669,Discount,3
2206,2614,475,3,354,1062,1000,Discount,62
2207,3084,494,3,329,987,911,Discount,76
2208,3216,468,2,169,338,298,Discount,40
2209,2351,440,3,249,747,683,Discount,64
2210,2691,497,2,323,646,636,Discount,10
2211,2846,405,2,429,858,845,Discount,13
2212,2081,497,2,299,598,590,Discount,8
2213,3016,457,2,159,318,254,Discount,64
2214,2489,477,2,158,316,307,Discount,9
2215,3366,486,4,147,588,558,Discount,30
2216,3473,462,4,182,728,716,Discount,12
2217,2189,454,4,419,1676,1657,Discount,19
2218,2901,426,3,295,885,855,Discount,30
2219,2690,446,1,450,450,428,Discount,22
2220,2612,449,2,318,636,571,Discount,65
2221,2966,413,2,400,800,794,Discount,6
2222,2246,484,2,226,452,447,Discount,5
2223,2597,428,4,405,1620,1544,Discount,76
2224,2250,486,4,345,1380,1376,Discount,4
2225,2008,424,3,238,714,649,Discount,65
2226,3231,484,1,134,134,109,Discount,25
2227,3125,411,4,403,1612,1590,Discount,22
2228,2871,485,2,399,798,798,Discount,0
2229,3131,485,4,314,1256,1251,Discount,5
2230,3131,478,2,311,622,622,Discount,0
2231,2610,462,2,194,388,388,Discount,0
2232,2024,481,1,355,355,336,Discount,19
2233,2779,499,1,417,417,412,Discount,5
2234,3117,488,4,333,1332,1267,Discount,65
2235,3258,431,4,368,1472,1436,Discount,36
2236,2424,442,3,201,603,542,Discount,61
2237,2962,436,1,475,475,475,Discount,0
2238,3459,465,1,468,468,423,Discount,45
2239,2765,487,2,440,880,862,Discount,18
2240,2355,444,4,164,656,656,Discount,0
2241,3199,413,2,449,898,879,Discount,19
2242,2690,437,3,228,684,627,Discount,57
2243,2562,407,2,123,246,178,Discount,68
2244,3450,495,1,194,194,121,Discount,73
2245,2929,476,2,282,564,549,Discount,15
2246,2068,419,2,200,400,348,Discount,52
2247,2516,406,3,169,507,485,Discount,22
2248,2941,438,1,440,440,409,Discount,31
2249,2574,446,2,406,812,812,Discount,0
2250,2309,494,3,129,387,362,Discount,25
2251,3313,498,2,232,464,457,Discount,7
2252,2631,460,4,177,708,648,Discount,60
2253,2301,404,1,495,495,472,Discount,23
2254,2489,432,2,124,248,240,Discount,8
2255,2005,401,3,160,480,447,Discount,33
2256,2211,426,1,298,298,289,Discount,9
2257,3428,476,2,141,282,244,Discount,38
2258,2840,434,3,355,1065,1010,Discount,55
2259,2354,444,4,419,1676,1619,Discount,57
2260,3336,458,2,420,840,764,Discount,76
2261,2732,421,1,445,445,432,Discount,13
2262,2147,487,3,326,978,954,Discount,24
2263,2879,427,3,197,591,554,Discount,37
2264,2523,479,1,416,416,366,Discount,50
2265,2344,458,4,328,1312,1242,Discount,70
2266,3496,402,1,243,243,206,Discount,37
2267,2749,469,2,139,278,242,Discount,36
2268,2730,472,2,206,412,384,Discount,28
2269,3243,466,3,210,630,577,Discount,53
2270,3230,476,1,192,192,192,Discount,0
2271,2261,435,4,432,1728,1709,Discount,19
2272,2673,486,3,256,768,737,Discount,31
2273,2568,492,2,156,312,261,Discount,51
2274,3129,493,1,248,248,222,Discount,26
2275,3312,489,2,395,790,715,Discount,75
2276,2775,497,3,304,912,888,Discount,24
2277,2344,425,4,330,1320,1274,Discount,46
2278,3315,447,3,326,978,963,Discount,15
2279,3120,458,2,140,280,248,Discount,32
2280,2201,482,1,238,238,177,Discount,61
2281,2804,408,2,343,686,682,Discount,4
2282,2469,462,4,393,1572,1572,Discount,0
2283,3351,421,3,276,828,798,Discount,30
2284,3126,418,1,245,245,193,Discount,52
2285,3474,432,3,123,369,357,Discount,12
2286,2531,421,3,191,573,565,Discount,8
2287,3321,431,2,251,502,489,Discount,13
2288,2842,442,1,312,312,263,Discount,49
2289,3451,415,4,304,1216,1174,Discount,42
2290,2774,415,2,491,982,922,Discount,60
2291,2745,490,3,449,1347,1314,Discount,33
2292,2445,445,1,308,308,247,Discount,61
2293,3140,463,2,400,800,787,Discount,13
2294,2908,405,1,469,469,426,Discount,43
2295,2595,419,3,491,1473,1425,Discount,48
2296,2279,466,1,248,248,248,Discount,0
2297,2537,420,3,472,1416,1412,Discount,4
2298,3240,435,3,287,861,801,Discount,60
2299,3366,463,1,182,182,163,Discount,19
2300,3036,452,4,246,984,940,Discount,44
2301,2512,477,3,184,552,510,Discount,42
2302,3180,452,4,324,1296,1248,Discount,48
2303,2410,452,2,327,654,638,Discount,16
2304,2651,473,4,259,1036,1017,Discount,19
2305,3412,454,2,344,688,632,Discount,56
2306,3497,494,3,334,1002,936,Discount,66
2307,3155,466,3,155,465,440,Discount,25
2308,3041,412,3,230,690,625,Discount,65
2309,3259,428,3,112,336,259,Discount,77
2310,2622,442,3,337,1011,983,Discount,28
2311,2302,484,4,351,1404,1403,Discount,1
2312,3223,404,4,446,1784,1739,Discount,45
2313,2978,438,3,131,393,386,Discount,7
2314,3062,485,2,323,646,608,Discount,38
2315,2103,406,4,491,1964,1915,Discount,49
2316,2511,431,3,104,312,233,Discount,79
2317,3063,453,4,177,708,665,Discount,43
2318,3459,406,1,133,133,57,Discount,76
2319,2950,445,2,380,760,680,Discount,80
2320,2067,411,2,308,616,593,Discount,23
2321,3346,474,1,321,321,244,Discount,77
2322,2305,444,2,436,872,867,Discount,5
2323,2846,468,1,386,386,330,Discount,56
2324,2772,420,4,107,428,424,Discount,4
2325,2608,436,3,235,705,647,Discount,58
2326,2223,462,4,329,1316,1280,Discount,36
2327,3119,493,2,458,916,892,Discount,24
2328,2636,413,2,420,840,810,Discount,30
2329,2309,404,2,446,892,845,Discount,47
2330,3038,468,4,281,1124,1123,Discount,1
2331,2801,427,3,148,444,440,Discount,4
2332,3054,472,1,418,418,383,Discount,35
2333,3447,426,3,385,1155,1110,Discount,45
2334,3043,427,4,296,1184,1128,Discount,56
2335,2599,444,2,341,682,673,Discount,9
2336,2436,500,3,427,1281,1206,Discount,75
2337,2895,407,1,487,487,449,Discount,38
2338,2538,427,1,413,413,336,Discount,77
2339,3492,473,1,427,427,427,Discount,0
2340,2975,489,2,278,556,520,Discount,36
2341,2505,483,2,163,326,319,Discount,7
2342,2319,460,4,254,1016,1016,Discount,0
2343,2707,465,4,120,480,468,Discount,12
2344,3017,498,3,183,549,549,Discount,0
2345,3012,461,2,360,720,713,Discount,7
2346,2796,469,2,411,822,796,Discount,26
2347,3284,409,1,431,431,415,Discount,16
2348,3364,495,2,285,570,570,Discount,0
2349,2064,499,3,479,1437,1434,Discount,3
2350,3319,416,3,318,954,944,Discount,10
2351,3370,412,1,397,397,368,Discount,29
2352,2652,464,3,253,759,688,Discount,71
2353,2321,430,1,194,194,153,Discount,41
2354,3330,473,4,130,520,503,Discount,17
2355,3081,424,2,163,326,251,Discount,75
2356,2817,404,1,487,487,422,Discount,65
2357,2701,427,4,229,916,872,Discount,44
2358,2157,461,1,212,212,206,Discount,6
2359,2693,409,2,246,492,425,Discount,67
2360,2518,455,3,329,987,946,Discount,41
2361,2145,451,4,131,524,524,Discount,0
2362,2936,449,1,329,329,304,Discount,25
2363,2511,478,4,425,1700,1637,Discount,63
2364,2665,406,1,259,259,199,Discount,60
2365,2650,446,4,303,1212,1212,Discount,0
2366,3422,498,3,114,342,272,Discount,70
2367,3354,426,2,174,348,318,Discount,30
2368,2601,403,2,125,250,250,Discount,0
2369,3495,423,2,177,354,344,Discount,10
2370,2589,419,2,129,258,224,Discount,34
2371,2789,454,4,214,856,856,Discount,0
2372,2807,413,3,316,948,912,Discount,36
2373,2971,443,2,333,666,619,Discount,47
2374,3124,405,1,107,107,83,Discount,24
2375,3127,478,1,210,210,145,Discount,65
2376,2744,467,3,169,507,486,Discount,21
2377,2750,443,4,228,912,863,Discount,49
2378,2974,465,4,351,1404,1342,Discount,62
2379,2636,479,4,242,968,952,Discount,16
2380,2844,426,1,279,279,227,Discount,52
2381,2197,424,2,431,862,862,Discount,0
2382,3220,459,4,217,868,868,Discount,0
2383,2802,483,4,170,680,680,Discount,0
2384,2620,426,4,240,960,954,Discount,6
2385,2602,422,3,392,1176,1162,Discount,14
2386,2624,425,4,212,848,841,Discount,7
2387,2893,465,1,132,132,84,Discount,48
2388,2607,443,4,310,1240,1199,Discount,41
2389,3216,436,4,335,1340,1337,Discount,3
2390,2420,458,4,294,1176,1101,Discount,75
2391,2563,479,1,165,165,88,Discount,77
2392,2777,414,2,214,428,375,Discount,53
2393,2004,493,2,160,320,277,Discount,43
2394,2444,437,4,345,1380,1319,Discount,61
2395,3105,465,4,395,1580,1511,Discount,69
2396,2288,477,3,192,576,544,Discount,32
2397,2770,442,1,494,494,469,Discount,25
2398,2433,486,3,196,588,529,Discount,59
2399,2473,428,1,225,225,208,Discount,17
2400,2774,491,1,222,222,200,Discount,22
2401,3228,474,2,417,834,821,Discount,13
2402,2627,474,3,125,375,375,Discount,0
2403,2885,406,3,435,1305,1230,Discount,75
2404,3300,421,2,153,306,271,Discount,35
2405,2482,470,4,326,1304,1244,Discount,60
2406,3439,438,1,490,490,490,Discount,0
2407,2219,404,3,125,375,368,Discount,7
2408,3368,445,3,260,780,700,Discount,80
2409,3156,464,2,430,860,796,Discount,64
2410,3484,423,2,191,382,348,Discount,34
2411,3151,473,2,345,690,690,Discount,0
2412,2382,457,3,371,1113,1113,Discount,0
2413,2887,432,2,375,750,722,Discount,28
2414,2127,482,2,196,392,330,Discount,62
2415,3137,493,1,495,495,433,Discount,62
2416,3393,403,3,139,417,351,Discount,66
2417,2410,454,2,193,386,368,Discount,18
2418,2696,421,4,167,668,598,Discount,70
2419,2543,454,3,258,774,703,Discount,71
2420,2305,483,1,393,393,343,Discount,50
2421,2057,487,3,348,1044,1011,Discount,33
2422,3256,437,3,179,537,510,Discount,27
2423,2096,473,2,270,540,483,Discount,57
2424,3313,409,1,432,432,356,Discount,76
2425,2293,494,4,399,1596,1596,Discount,0
2426,2367,421,4,201,804,786,Discount,18
2427,2350,429,4,137,548,496,Discount,52
2428,3416,415,3,103,309,309,Discount,0
2429,3479,447,4,277,1108,1087,Discount,21
2430,2148,416,2,498,996,956,Discount,40
2431,3296,418,1,184,184,134,Discount,50
2432,2601,421,1,387,387,373,Discount,14
2433,2824,476,4,154,616,568,Discount,48
2434,2371,413,3,249,747,747,Discount,0
2435,2049,471,4,207,828,809,Discount,19
2436,3153,493,2,371,742,678,Discount,64
2437,3089,499,2,261,522,497,Discount,25
2438,3321,486,4,351,1404,1354,Discount,50
2439,2233,480,3,155,465,465,Discount,0
2440,3198,424,3,314,942,892,Discount,50
2441,3179,466,2,276,552,537,Discount,15
2442,2838,408,2,417,834,799,Discount,35
2443,2949,498,3,151,453,415,Discount,38
2444,2213,422,4,363,1452,1411,Discount,41
2445,2326,499,3,456,1368,1343,Discount,25
2446,2582,431,4,146,584,537,Discount,47
2447,2472,435,1,367,367,300,Discount,67
2448,2986,420,3,439,1317,1317,Discount,0
2449,2714,472,4,218,872,809,Discount,63
2450,2678,497,1,239,239,192,Discount,47
2451,3356,467,2,329,658,592,Discount,66
2452,3137,469,1,359,359,343,Discount,16
2453,2185,435,3,151,453,453,Discount,0
2454,2778,464,4,233,932,932,Discount,0
2455,3448,480,3,166,498,489,Discount,9
2456,2450,468,3,330,990,917,Discount,73
2457,2866,422,1,484,484,476,Discount,8
2458,2183,424,4,204,816,768,Discount,48
2459,2826,474,1,463,463,391,Discount,72
2460,2327,486,2,407,814,798,Discount,16
2461,2918,423,1,225,225,176,Discount,49
2462,3355,468,1,173,173,173,Discount,0
2463,2594,426,4,456,1824,1780,Discount,44
2464,3113,461,1,421,421,360,Discount,61
2465,2615,477,1,108,108,108,Discount,0
2466,2317,424,1,309,309,279,Discount,30
2467,2889,437,2,167,334,324,Discount,10
2468,3484,403,2,387,774,764,Discount,10
2469,3168,459,2,500,1000,984,Discount,16
2470,3273,418,1,369,369,369,Discount,0
2471,2861,437,1,397,397,344,Discount,53
2472,3316,439,4,319,1276,1251,Discount,25
2473,2240,487,1,147,147,130,Discount,17
2474,3246,461,4,346,1384,1357,Discount,27
2475,2002,434,4,422,1688,1655,Discount,33
2476,2435,446,2,259,518,502,Discount,16
2477,2399,468,3,379,1137,1096,Discount,41
2478,3339,468,4,230,920,898,Discount,22
2479,3047,413,1,443,443,438,Discount,5
2480,2901,412,1,305,305,294,Discount,11
2481,2895,410,3,313,939,925,Discount,14
2482,2389,473,1,200,200,200,Discount,0
2483,2840,433,3,206,618,596,Discount,22
2484,3175,422,1,363,363,363,Discount,0
2485,3450,406,3,236,708,666,Discount,42
2486,2283,450,1,333,333,260,Discount,73
2487,3359,493,2,236,472,472,Discount,0
2488,2641,440,3,464,1392,1361,Discount,31
2489,2172,449,3,242,726,691,Discount,35
2490,3364,434,4,440,1760,1736,Discount,24
2491,2957,402,1,134,134,120,Discount,14
2492,2060,453,1,494,494,463,Discount,31
2493,3077,420,4,232,928,898,Discount,30
2494,2128,427,2,392,784,734,Discount,50
2495,2609,485,2,210,420,419,Discount,1
2496,2666,463,3,469,1407,1407,Discount,0
2497,3162,463,4,306,1224,1161,Discount,63
2498,2295,496,2,497,994,994,Discount,0
2499,2938,469,3,196,588,586,Discount,2
2500,2668,497,4,457,1828,1826,Discount,2
2501,2853,499,2,116,232,160,Discount,72
2502,2926,441,1,125,125,85,Discount,40
2503,3046,417,3,490,1470,1432,Discount,38
2504,2017,491,3,322,966,931,Discount,35
2505,2902,498,1,338,338,338,Discount,0
2506,2345,497,2,487,974,901,Discount,73
2507,2377,468,1,373,373,372,Discount,1
2508,2147,412,4,443,1772,1695,Discount,77
2509,2920,423,2,238,476,447,Discount,29
2510,2233,439,3,491,1473,1411,Discount,62
2511,2023,402,3,134,402,391,Discount,11
2512,3438,404,4,282,1128,1082,Discount,46
2513,2547,435,4,193,772,701,Discount,71
2514,2160,481,4,363,1452,1388,Discount,64
2515,2692,453,3,207,621,618,Discount,3
2516,3243,428,3,273,819,744,Discount,75
2517,2490,405,4,262,1048,1006,Discount,42
2518,2576,487,3,348,1044,1041,Discount,3
2519,2191,422,1,468,468,416,Discount,52
2520,2566,405,4,360,1440,1384,Discount,56
2521,2779,434,1,189,189,189,Discount,0
2522,3472,487,3,380,1140,1096,Discount,44
2523,2841,478,4,468,1872,1848,Discount,24
2524,3294,481,1,132,132,105,Discount,27
2525,2724,455,1,215,215,205,Discount,10
2526,2661,433,3,453,1359,1340,Discount,19
2527,2317,480,3,107,321,277,Discount,44
2528,2206,476,3,122,366,350,Discount,16
2529,2909,468,2,123,246,229,Discount,17
2530,2819,417,3,352,1056,1046,Discount,10
2531,2369,479,1,224,224,168,Discount,56
2532,2808,402,2,423,846,810,Discount,36
2533,2576,448,4,399,1596,1530,Discount,66
2534,3077,427,1,209,209,144,Discount,65
2535,2959,401,3,335,1005,992,Discount,13
2536,2754,498,1,436,436,362,Discount,74
2537,3468,411,1,190,190,162,Discount,28
2538,2240,464,3,297,891,891,Discount,0
2539,2565,437,2,147,294,279,Discount,15
2540,2802,407,1,405,405,404,Discount,1
2541,2990,439,1,490,490,490,Discount,0
2542,2693,474,4,448,1792,1734,Discount,58
2543,2654,496,2,194,388,359,Discount,29
2544,3402,484,1,443,443,386,Discount,57
2545,2980,434,1,177,177,171,Discount,6
2546,2521,437,1,191,191,125,Discount,66
2547,3056,448,1,253,253,233,Discount,20
2548,3263,416,2,400,800,730,Discount,70
2549,2435,455,2,150,300,290,Discount,10
2550,2914,441,2,334,668,634,Discount,34
2551,3028,447,2,390,780,729,Discount,51
2552,3219,444,1,213,213,213,Discount,0
2553,3419,445,2,408,816,751,Discount,65
2554,3143,414,2,120,240,234,Discount,6
2555,2065,469,3,226,678,663,Discount,15
2556,2237,452,1,276,276,199,Discount,77
2557,2762,484,1,170,170,165,Discount,5
2558,3116,428,1,348,348,287,Discount,61
2559,2219,425,1,375,375,311,Discount,64
2560,3300,485,3,216,648,636,Discount,12
2561,2132,430,2,265,530,506,Discount,24
2562,2913,494,3,462,1386,1382,Discount,4
2563,3491,466,1,408,408,408,Discount,0
2564,2055,423,3,213,639,582,Discount,57
2565,2784,427,3,341,1023,974,Discount,49
2566,2948,454,3,492,1476,1406,Discount,70
2567,2734,422,1,200,200,200,Discount,0
2568,2391,439,3,372,1116,1055,Discount,61
2569,2699,487,2,410,820,741,Discount,79
2570,2450,479,1,445,445,424,Discount,21
2571,2011,411,2,407,814,751,Discount,63
2572,2284,473,3,134,402,402,Discount,0
2573,3423,443,3,248,744,680,Discount,64
2574,3220,499,2,450,900,847,Discount,53
2575,2343,462,2,186,372,321,Discount,51
2576,3157,436,2,493,986,979,Discount,7
2577,2561,426,2,127,254,236,Discount,18
2578,2291,482,3,177,531,463,Discount,68
2579,3087,485,2,103,206,192,Discount,14
2580,3191,444,1,400,400,400,Discount,0
2581,3442,401,4,157,628,591,Discount,37
2582,2471,496,1,312,312,302,Discount,10
2583,3403,486,1,385,385,382,Discount,3
2584,2625,494,4,251,1004,956,Discount,48
2585,2792,439,3,338,1014,945,Discount,69
2586,2555,426,3,329,987,951,Discount,36
2587,2494,416,4,116,464,386,Discount,78
2588,2554,415,3,476,1428,1349,Discount,79
2589,2241,452,1,395,395,368,Discount,27
2590,3175,432,2,485,970,941,Discount,29
2591,2276,413,3,112,336,289,Discount,47
2592,3193,415,2,162,324,285,Discount,39
2593,2955,427,1,205,205,178,Discount,27
2594,3420,428,4,195,780,717,Discount,63
2595,3459,459,3,418,1254,1200,Discount,54
2596,2470,475,1,486,486,419,Discount,67
2597,2062,433,1,411,411,390,Discount,21
2598,3384,457,4,456,1824,1760,Discount,64
2599,2719,473,2,271,542,486,Discount,56
2600,3317,443,1,284,284,241,Discount,43
2601,2090,445,2,319,638,567,Discount,71
2602,2255,411,4,259,1036,979,Discount,57
2603,2610,454,1,331,331,255,Discount,76
2604,2170,469,2,195,390,312,Discount,78
2605,2489,457,1,112,112,39,Discount,73
2606,2836,481,1,216,216,176,Discount,40
2607,2190,412,2,229,458,458,Discount,0
2608,2082,437,2,430,860,812,Discount,48
2609,3173,418,1,177,177,106,Discount,71
2610,3095,483,2,355,710,665,Discount,45
2611,2389,436,4,206,824,803,Discount,21
2612,2496,404,3,290,870,828,Discount,42
2613,2065,424,4,425,1700,1648,Discount,52
2614,2778,493,4,221,884,836,Discount,48
2615,3480,482,1,178,178,169,Discount,9
2616,2533,461,3,419,1257,1250,Discount,7
2617,2105,492,4,299,1196,1196,Discount,0
2618,2447,424,4,470,1880,1859,Discount,21
2619,3149,477,1,377,377,372,Discount,5
2620,2227,468,2,396,792,772,Discount,20
2621,2809,470,4,313,1252,1206,Discount,46
2622,3191,445,2,111,222,207,Discount,15
2623,3067,500,1,442,442,442,Discount,0
2624,2168,482,2,328,656,589,Discount,67
2625,3041,423,4,313,1252,1197,Discount,55
2626,3437,435,2,398,796,776,Discount,20
2627,2085,437,3,180,540,469,Discount,71
2628,3416,448,1,413,413,336,Discount,77
2629,2436,446,4,360,1440,1400,Discount,40
2630,3136,476,4,377,1508,1500,Discount,8
2631,2226,482,4,434,1736,1679,Discount,57
2632,3339,417,4,319,1276,1208,Discount,68
2633,2966,402,2,481,962,943,Discount,19
2634,3394,480,1,133,133,78,Discount,55
2635,2458,499,2,497,994,972,Discount,22
2636,2615,464,3,453,1359,1286,Discount,73
2637,3275,444,3,327,981,946,Discount,35
2638,2416,456,1,146,146,141,Discount,5
2639,2076,405,1,300,300,223,Discount,77
2640,2230,473,3,259,777,760,Discount,17
2641,3398,474,1,444,444,377,Discount,67
2642,2692,423,1,482,482,465,Discount,17
2643,2828,412,1,100,100,87,Discount,13
2644,2080,493,4,462,1848,1813,Discount,35
2645,2719,490,1,157,157,151,Discount,6
2646,2787,410,1,413,413,399,Discount,14
2647,3317,487,4,337,1348,1306,Discount,42
2648,2603,426,3,231,693,665,Discount,28
2649,2661,455,3,244,732,693,Discount,39
2650,2953,451,4,493,1972,1972,Discount,0
2651,2989,465,4,445,1780,1761,Discount,19
2652,2707,500,3,181,543,494,Discount,49
2653,2071,499,3,307,921,850,Discount,71
2654,2616,456,3,205,615,608,Discount,7
2655,3458,480,4,404,1616,1590,Discount,26
2656,2600,424,1,463,463,393,Discount,70
2657,2411,420,3,116,348,288,Discount,60
2658,2514,468,4,273,1092,1013,Discount,79
2659,2820,466,3,258,774,766,Discount,8
2660,3386,478,4,307,1228,1210,Discount,18
2661,2384,422,3,315,945,938,Discount,7
2662,2173,428,4,280,1120,1058,Discount,62
2663,2173,488,2,264,528,470,Discount,58
2664,2821,422,2,125,250,199,Discount,51
2665,2837,481,2,455,910,897,Discount,13
2666,3139,413,3,462,1386,1344,Discount,42
2667,3445,406,4,480,1920,1906,Discount,14
2668,2278,482,2,247,494,439,Discount,55
2669,2440,426,1,234,234,234,Discount,0
2670,3473,405,1,328,328,258,Discount,70
2671,2159,496,3,453,1359,1301,Discount,58
2672,3271,412,2,484,968,888,Discount,80
2673,3097,437,2,289,578,528,Discount,50
2674,3304,458,3,462,1386,1324,Discount,62
2675,2401,425,2,309,618,557,Discount,61
2676,2307,428,2,485,970,927,Discount,43
2677,2952,462,4,135,540,527,Discount,13
2678,2819,429,4,306,1224,1174,Discount,50
2679,2811,406,2,204,408,386,Discount,22
2680,3225,422,1,187,187,184,Discount,3
2681,2875,431,4,227,908,895,Discount,13
2682,2251,475,4,274,1096,1026,Discount,70
2683,2672,437,2,476,952,875,Discount,77
2684,3447,439,2,185,370,310,Discount,60
2685,2692,438,3,195,585,532,Discount,53
2686,2872,473,1,392,392,372,Discount,20
2687,2168,443,3,328,984,911,Discount,73
2688,3219,460,3,359,1077,997,Discount,80
2689,3265,455,4,404,1616,1547,Discount,69
2690,3247,407,3,138,414,353,Discount,61
2691,3438,426,3,475,1425,1358,Discount,67
2692,3013,473,3,466,1398,1396,Discount,2
2693,2299,447,1,413,413,338,Discount,75
2694,2222,457,1,147,147,104,Discount,43
2695,3417,462,1,331,331,331,Discount,0
2696,2969,412,1,470,470,434,Discount,36
2697,2006,441,3,482,1446,1440,Discount,6
2698,2624,467,4,397,1588,1588,Discount,0
2699,2794,422,1,238,238,158,Discount,80
2700,3292,487,2,463,926,867,Discount,59
2701,3131,492,2,489,978,937,Discount,41
2702,2712,445,2,354,708,670,Discount,38
2703,2027,413,4,135,540,506,Discount,34
2704,2560,489,2,368,736,704,Discount,32
2705,2221,402,1,256,256,191,Discount,65
2706,2037,450,1,360,360,358,Discount,2
2707,2077,492,4,251,1004,960,Discount,44
2708,2799,407,1,314,314,313,Discount,1
2709,2185,492,2,356,712,675,Discount,37
2710,3475,477,4,207,828,771,Discount,57
2711,2113,440,1,261,261,252,Discount,9
2712,2732,473,2,233,466,408,Discount,58
2713,2257,419,1,148,148,109,Discount,39
2714,2381,445,4,426,1704,1704,Discount,0
2715,3393,448,3,234,702,685,Discount,17
2716,2085,441,4,258,1032,1019,Discount,13
2717,2377,444,2,147,294,226,Discount,68
2718,2398,444,3,170,510,495,Discount,15
2719,2379,497,1,354,354,278,Discount,76
2720,3465,436,1,420,420,353,Discount,67
2721,2773,492,3,231,693,693,Discount,0
2722,2558,480,2,441,882,811,Discount,71
2723,2059,465,4,466,1864,1851,Discount,13
2724,3273,403,1,348,348,268,Discount,80
2725,2750,491,2,500,1000,940,Discount,60
2726,2339,490,3,388,1164,1091,Discount,73
2727,2401,480,2,269,538,509,Discount,29
2728,2219,456,1,216,216,149,Discount,67
2729,2140,411,1,432,432,378,Discount,54
2730,2510,464,3,259,777,728,Discount,49
2731,2760,462,2,336,672,671,Discount,1
2732,2876,422,4,474,1896,1826,Discount,70
2733,2051,477,4,237,948,948,Discount,0
2734,2200,443,4,417,1668,1657,Discount,11
2735,2292,469,4,165,660,653,Discount,7
2736,2238,497,2,441,882,818,Discount,64
2737,2054,402,2,125,250,229,Discount,21
2738,3259,416,1,125,125,76,Discount,49
2739,3314,496,2,488,976,897,Discount,79
2740,3456,437,3,113,339,317,Discount,22
2741,3401,469,3,191,573,562,Discount,11
2742,3265,456,2,453,906,867,Discount,39
2743,3016,494,1,255,255,180,Discount,75
2744,2948,495,3,413,1239,1159,Discount,80
2745,2276,479,3,254,762,742,Discount,20
2746,2677,477,1,390,390,390,Discount,0
2747,3496,412,3,254,762,733,Discount,29
2748,3265,429,3,129,387,330,Discount,57
2749,3393,479,2,347,694,615,Discount,79
2750,3077,498,3,283,849,806,Discount,43
2751,2177,482,2,455,910,890,Discount,20
2752,3161,458,3,250,750,729,Discount,21
2753,2164,429,2,183,366,366,Discount,0
2754,3327,450,1,206,206,127,Discount,79
2755,2137,422,4,440,1760,1717,Discount,43
2756,2017,446,2,228,456,444,Discount,12
2757,2836,479,3,126,378,373,Discount,5
2758,2512,480,2,208,416,401,Discount,15
2759,2013,459,2,237,474,432,Discount,42
2760,2529,474,2,146,292,244,Discount,48
2761,3195,409,1,396,396,383,Discount,13
2762,2632,465,4,181,724,708,Discount,16
2763,3239,420,2,422,844,844,Discount,0
2764,2257,437,1,194,194,174,Discount,20
2765,3082,422,3,190,570,570,Discount,0
2766,2686,446,2,168,336,329,Discount,7
2767,2787,418,2,342,684,671,Discount,13
2768,2569,441,4,256,1024,974,Discount,50
2769,2581,416,4,326,1304,1283,Discount,21
2770,2137,438,4,148,592,586,Discount,6
2771,3246,460,4,151,604,580,Discount,24
2772,2549,405,4,108,432,372,Discount,60
2773,2216,479,3,452,1356,1327,Discount,29
2774,2075,484,2,230,460,383,Discount,77
2775,3438,463,1,266,266,203,Discount,63
2776,2930,407,4,414,1656,1622,Discount,34
2777,2279,493,1,140,140,66,Discount,74
2778,3447,457,4,327,1308,1275,Discount,33
2779,2585,499,1,162,162,147,Discount,15
2780,2919,412,4,311,1244,1223,Discount,21
2781,2700,495,3,340,1020,1020,Discount,0
2782,3214,483,2,112,224,197,Discount,27
2783,3490,418,2,274,548,548,Discount,0
2784,2609,432,1,239,239,173,Discount,66
2785,2536,469,3,263,789,786,Discount,3
2786,3302,409,1,311,311,295,Discount,16
2787,2676,475,4,412,1648,1571,Discount,77
2788,2792,472,1,100,100,86,Discount,14
2789,2434,479,2,372,744,680,Discount,64
2790,3180,406,4,128,512,492,Discount,20
2791,2725,484,4,172,688,608,Discount,80
2792,3321,458,4,472,1888,1843,Discount,45
2793,3136,438,2,412,824,814,Discount,10
2794,2841,446,1,367,367,311,Discount,56
2795,2778,442,3,442,1326,1284,Discount,42
2796,2993,421,3,401,1203,1203,Discount,0
2797,2960,475,2,111,222,221,Discount,1
2798,2019,416,2,415,830,813,Discount,17
2799,2465,448,1,279,279,208,Discount,71
2800,2546,479,3,210,630,608,Discount,22
2801,3092,439,2,471,942,927,Discount,15
2802,2044,490,3,126,378,347,Discount,31
2803,2467,483,2,189,378,376,Discount,2
2804,2061,485,2,200,400,323,Discount,77
2805,3447,409,1,126,126,77,Discount,49
2806,2323,466,4,170,680,680,Discount,0
2807,3478,410,4,296,1184,1106,Discount,78
2808,2822,405,4,246,984,914,Discount,70
2809,2739,402,1,193,193,142,Discount,51
2810,2845,401,2,275,550,540,Discount,10
2811,2283,472,2,161,322,272,Discount,50
2812,2035,430,3,278,834,760,Discount,74
2813,3478,477,3,316,948,948,Discount,0
2814,3187,430,4,375,1500,1436,Discount,64
2815,3090,463,1,465,465,399,Discount,66
2816,3483,447,1,401,401,350,Discount,51
2817,3078,411,1,373,373,335,Discount,38
2818,2794,429,3,472,1416,1372,Discount,44
2819,2447,443,2,114,228,196,Discount,32
2820,3149,416,2,424,848,815,Discount,33
2821,2292,469,1,480,480,432,Discount,48
2822,2787,443,3,406,1218,1186,Discount,32
2823,2325,456,3,452,1356,1350,Discount,6
2824,2955,423,4,280,1120,1078,Discount,42
2825,3316,461,1,244,244,233,Discount,11
2826,2778,438,2,155,310,275,Discount,35
2827,3101,488,2,366,732,721,Discount,11
2828,3312,437,2,274,548,537,Discount,11
2829,2908,499,3,178,534,502,Discount,32
2830,2852,474,3,319,957,946,Discount,11
2831,3424,499,1,333,333,279,Discount,54
2832,3148,453,3,149,447,437,Discount,10
2833,3321,461,3,225,675,602,Discount,73
2834,2202,451,2,468,936,921,Discount,15
2835,3358,435,4,206,824,822,Discount,2
2836,3328,475,3,252,756,739,Discount,17
2837,3493,416,1,220,220,175,Discount,45
2838,2947,413,2,150,300,245,Discount,55
2839,2792,409,4,298,1192,1122,Discount,70
2840,2443,455,4,470,1880,1819,Discount,61
2841,2683,491,2,269,538,499,Discount,39
2842,2652,459,1,482,482,425,Discount,57
2843,3117,447,4,292,1168,1168,Discount,0
2844,2816,495,3,351,1053,1024,Discount,29
2845,2750,486,3,226,678,632,Discount,46
2846,2098,499,4,378,1512,1451,Discount,61
2847,2827,497,4,156,624,547,Discount,77
2848,2611,450,2,189,378,367,Discount,11
2849,2001,403,3,434,1302,1251,Discount,51
2850,2776,414,4,166,664,590,Discount,74
2851,3181,434,4,255,1020,1002,Discount,18
2852,2596,432,1,360,360,325,Discount,35
2853,2713,457,4,287,1148,1127,Discount,21
2854,3211,491,2,335,670,622,Discount,48
2855,3092,454,4,441,1764,1707,Discount,57
2856,3327,458,4,329,1316,1312,Discount,4
2857,3228,479,3,472,1416,1405,Discount,11
2858,3002,473,3,145,435,357,Discount,78
2859,3138,419,2,162,324,280,Discount,44
2860,2188,426,1,277,277,248,Discount,29
2861,2843,500,4,402,1608,1578,Discount,30
2862,3170,437,4,346,1384,1316,Discount,68
2863,3273,433,3,472,1416,1358,Discount,58
2864,3162,438,1,181,181,127,Discount,54
2865,2112,451,3,493,1479,1472,Discount,7
2866,3412,494,1,137,137,137,Discount,0
2867,2558,469,1,370,370,370,Discount,0
2868,2686,442,4,308,1232,1232,Discount,0
2869,3405,418,1,375,375,364,Discount,11
2870,2894,466,1,262,262,207,Discount,55
2871,2331,492,3,455,1365,1321,Discount,44
2872,3386,477,1,308,308,242,Discount,66
2873,2744,419,4,195,780,700,Discount,80
2874,2636,421,1,208,208,164,Discount,44
2875,2177,405,4,157,628,567,Discount,61
2876,2354,473,1,315,315,273,Discount,42
2877,2043,439,4,165,660,591,Discount,69
2878,2320,493,4,495,1980,1977,Discount,3
2879,2588,408,4,226,904,904,Discount,0
2880,2207,417,3,179,537,537,Discount,0
2881,2088,468,1,152,152,104,Discount,48
2882,2362,451,1,209,209,152,Discount,57
2883,3385,413,1,477,477,449,Discount,28
2884,2902,467,2,218,436,428,Discount,8
2885,3376,417,2,348,696,621,Discount,75
2886,2006,402,3,252,756,713,Discount,43
2887,3197,468,1,296,296,261,Discount,35
2888,2704,422,2,397,794,717,Discount,77
2889,3372,477,1,106,106,56,Discount,50
2890,2195,465,4,277,1108,1077,Discount,31
2891,2628,485,1,330,330,255,Discount,75
2892,3167,428,4,217,868,817,Discount,51
2893,2440,439,1,118,118,109,Discount,9
2894,2022,450,4,442,1768,1695,Discount,73
2895,3152,423,2,403,806,754,Discount,52
2896,3225,498,2,340,680,602,Discount,78
2897,2838,489,4,196,784,710,Discount,74
2898,2648,467,2,153,306,260,Discount,46
2899,2674,471,1,430,430,415,Discount,15
2900,2852,441,2,161,322,322,Discount,0
2901,2465,433,2,222,444,439,Discount,5
2902,2017,435,3,426,1278,1278,Discount,0
2903,2888,471,2,171,342,314,Discount,28
2904,2461,440,1,418,418,395,Discount,23
2905,2803,448,1,115,115,84,Discount,31
2906,3254,440,3,469,1407,1387,Discount,20
2907,2773,439,2,465,930,861,Discount,69
2908,3351,405,4,489,1956,1932,Discount,24
2909,3380,424,1,191,191,171,Discount,20
2910,3100,494,3,186,558,542,Discount,16
2911,2827,444,4,465,1860,1839,Discount,21
2912,3002,474,4,459,1836,1831,Discount,5
2913,2386,432,4,411,1644,1617,Discount,27
2914,2829,460,4,164,656,581,Discount,75
2915,2593,401,3,481,1443,1438,Discount,5
2916,2858,459,4,291,1164,1094,Discount,70
2917,2708,421,3,311,933,861,Discount,72
2918,3052,495,1,301,301,293,Discount,8
2919,2780,401,1,273,273,225,Discount,48
2920,2409,453,1,161,161,155,Discount,6
2921,2089,458,1,268,268,268,Discount,0
2922,2637,415,2,108,216,164,Discount,52
2923,3123,473,1,366,366,292,Discount,74
2924,2066,485,4,255,1020,978,Discount,42
2925,2803,486,2,332,664,600,Discount,64
2926,2933,425,2,158,316,308,Discount,8
2927,3404,481,3,308,924,851,Discount,73
2928,3029,472,4,251,1004,991,Discount,13
2929,3137,486,4,174,696,688,Discount,8
2930,2411,407,2,115,230,154,Discount,76
2931,2085,410,1,166,166,135,Discount,31
2932,3330,411,1,230,230,188,Discount,42
2933,2360,499,1,235,235,190,Discount,45
2934,3055,494,3,458,1374,1342,Discount,32
2935,3448,420,1,277,277,247,Discount,30
2936,3283,446,2,171,342,295,Discount,47
2937,2941,469,1,201,201,201,Discount,0
2938,2072,477,1,491,491,462,Discount,29
2939,3221,426,1,224,224,209,Discount,15
2940,2692,426,3,121,363,319,Discount,44
2941,2168,466,3,471,1413,1413,Discount,0
2942,3276,401,2,139,278,264,Discount,14
2943,3387,485,4,488,1952,1923,Discount,29
2944,2788,433,4,261,1044,965,Discount,79
2945,3156,435,1,368,368,293,Discount,75
2946,3476,452,1,259,259,229,Discount,30
2947,2359,447,1,241,241,193,Discount,48
2948,2701,440,2,149,298,232,Discount,66
2949,3295,492,4,105,420,420,Discount,0
2950,2706,494,2,409,818,757,Discount,61
2951,2680,498,4,413,1652,1584,Discount,68
2952,3033,426,3,303,909,870,Discount,39
2953,3316,446,1,365,365,295,Discount,70
2954,2290,477,4,482,1928,1878,Discount,50
2955,2084,426,1,193,193,192,Discount,1
2956,2953,472,3,195,585,560,Discount,25
2957,2945,475,3,339,1017,938,Discount,79
2958,3225,483,2,190,380,339,Discount,41
2959,3008,426,3,191,573,510,Discount,63
2960,2481,405,4,177,708,676,Discount,32
2961,3097,485,2,225,450,420,Discount,30
2962,2475,411,1,486,486,411,Discount,75
2963,2629,424,1,161,161,125,Discount,36
2964,2123,409,4,387,1548,1505,Discount,43
2965,2853,469,1,176,176,114,Discount,62
2966,3415,497,1,164,164,89,Discount,75
2967,3234,493,1,494,494,428,Discount,66
2968,2836,487,3,456,1368,1309,Discount,59
2969,3031,496,1,352,352,299,Discount,53
2970,3303,469,3,261,783,767,Discount,16
2971,2863,494,2,444,888,827,Discount,61
2972,3095,426,1,231,231,231,Discount,0
2973,2042,407,4,473,1892,1832,Discount,60
2974,2216,422,1,325,325,322,Discount,3
2975,2876,424,4,398,1592,1549,Discount,43
2976,2065,476,3,438,1314,1276,Discount,38
2977,2638,429,2,472,944,915,Discount,29
2978,2059,439,2,397,794,716,Discount,78
2979,3110,456,2,120,240,232,Discount,8
2980,3228,498,4,264,1056,1056,Discount,0
2981,3203,472,4,206,824,809,Discount,15
2982,2462,436,2,164,328,328,Discount,0
2983,2359,402,3,302,906,906,Discount,0
2984,2583,480,3,481,1443,1399,Discount,44
2985,2150,441,2,318,636,591,Discount,45
2986,2936,482,4,176,704,687,Discount,17
2987,3251,454,4,287,1148,1096,Discount,52
2988,2935,487,1,133,133,81,Discount,52
2989,2372,459,3,284,852,782,Discount,70
2990,3261,449,1,498,498,472,Discount,26
2991,2403,410,4,407,1628,1628,Discount,0
2992,3138,404,1,185,185,185,Discount,0
2993,2944,405,3,332,996,942,Discount,54
2994,2845,444,3,243,729,660,Discount,69
2995,3343,420,3,421,1263,1189,Discount,74
2996,3433,470,2,330,660,660,Discount,0
2997,2079,441,4,274,1096,1057,Discount,39
2998,2046,441,4,487,1948,1946,Discount,2
2999,2467,423,3,110,330,322,Discount,8
3000,2904,496,1,266,266,266,Discount,0
